,customer_id,membership_level,join_date,expiry_date,membership_status,customer_points,discount_rate,referral_code,last_active_time,num_active_last_7days,num_active_last_14days,num_active_last_30days,total_redeemed_points,member_lifespan
0,0,Standard,2022-10-16,,Active,28,0.01,AL955,2022-11-21 23:32:45,1.0,23.0,29.0,8,
1,1,Standard,2017-01-20,2017-02-03,Expired,36,0.01,HA129,,,,,33,14.0
2,2,Standard,2018-01-23,,Active,53,0.02,BL757,2022-07-11 20:58:21,10.0,4.0,48.0,21,
3,3,Loyalty,2022-01-11,,Active,366,0.03,RH348,2022-12-29 20:06:37,26.0,54.0,45.0,187,
4,4,Standard,2021-01-20,,Active,19,0.01,BI144,2022-09-24 02:39:39,13.0,21.0,11.0,5,
5,5,Standard,2022-10-11,,Active,29,0.02,RV846,2022-01-29 06:25:54,17.0,26.0,9.0,16,
6,6,Standard,2017-03-30,,Active,26,0.02,SW738,2022-11-01 15:07:25,11.0,15.0,39.0,0,
7,7,Loyalty,2021-11-19,,Active,165,0.03,FE114,2022-12-18 15:42:14,18.0,32.0,69.0,28,
8,8,Standard,2016-09-09,2016-09-28,Expired,13,0.02,RW608,,,,,7,19.0
9,9,Standard,2016-08-24,,Active,55,0.01,WV118,2022-12-10 13:40:26,2.0,24.0,62.0,10,
10,10,Standard,2018-05-28,2018-06-27,Expired,36,0.01,BE855,,,,,19,30.0
11,11,Standard,2017-10-02,2017-11-20,Expired,5,0.01,HA999,,,,,0,49.0
12,12,Standard,2016-07-28,,Active,86,0.02,WG604,2022-10-15 07:24:41,13.0,19.0,33.0,63,
13,13,Standard,2018-06-02,,Active,19,0.01,HW790,2022-06-27 03:49:30,13.0,30.0,45.0,17,
14,14,Standard,2022-05-02,,Active,6,0.02,VS361,2022-10-04 20:49:20,11.0,4.0,38.0,1,
15,15,Loyalty,2018-10-23,,Active,275,0.04,WW729,2022-12-09 06:11:31,25.0,10.0,147.0,114,
16,16,Standard,2021-12-23,2021-12-26,Expired,0,0.01,RI217,,,,,0,3.0
17,17,Standard,2021-05-10,2021-05-15,Expired,55,0.01,QX655,,,,,52,5.0
18,18,Standard,2016-09-27,2016-10-09,Expired,18,0.01,HT420,,,,,12,12.0
19,19,Standard,2022-02-14,,Active,33,0.01,FR287,2022-10-16 06:19:46,10.0,7.0,16.0,23,
20,20,Standard,2017-05-25,2017-06-08,Expired,38,0.01,DJ967,,,,,37,14.0
21,21,Loyalty,2018-10-02,2018-11-26,Expired,162,0.05,BS846,,,,,19,55.0
22,22,Standard,2017-11-04,,Active,65,0.01,RM894,2022-06-16 01:55:50,5.0,27.0,56.0,40,
23,23,Standard,2022-02-23,,Active,79,0.03,AL960,2022-09-11 16:30:58,7.0,12.0,39.0,55,
24,24,Standard,2017-09-01,,Active,30,0.02,DZ111,2022-07-11 10:55:32,6.0,6.0,17.0,15,
25,25,Standard,2018-06-28,2018-07-02,Expired,17,0.01,UX191,,,,,7,4.0
26,26,Standard,2017-02-01,,Active,10,0.02,RS845,2022-11-25 22:46:55,5.0,21.0,15.0,0,
27,27,Loyalty,2022-03-23,,Active,353,0.04,OV818,2022-12-20 21:12:16,30.0,77.0,22.0,63,
28,28,Loyalty,2022-11-28,,Active,245,0.04,BG752,2022-11-30 05:05:50,33.0,22.0,140.0,186,
29,29,VIP,2015-05-25,2018-03-26,Expired,535,0.1,CC971,,,,,391,1036.0
30,30,Loyalty,2022-01-11,,Active,318,0.04,AM220,2022-12-03 05:36:22,18.0,32.0,97.0,286,
31,31,Standard,2016-06-24,2016-07-01,Expired,18,0.03,RC952,,,,,14,7.0
32,32,Standard,2020-04-28,,Active,36,0.03,KD124,2022-08-05 08:55:49,1.0,18.0,19.0,8,
33,33,Standard,2016-07-18,,Active,7,0.01,GI652,2022-07-06 02:30:18,16.0,4.0,42.0,6,
34,34,Standard,2018-05-22,,Active,13,0.02,VT302,2022-10-04 04:18:42,1.0,22.0,25.0,9,
35,35,Standard,2018-08-27,2018-11-28,Expired,26,0.02,KU506,,,,,25,93.0
36,36,Standard,2016-03-03,,Active,59,0.01,IV578,2022-09-11 01:42:17,9.0,17.0,7.0,47,
37,37,Standard,2016-07-09,2016-07-23,Expired,25,0.02,TT313,,,,,16,14.0
38,38,Standard,2021-06-18,,Active,36,0.02,AE934,2022-10-20 17:23:33,12.0,20.0,48.0,14,
39,39,Standard,2018-04-01,,Active,3,0.03,SM512,2022-11-14 06:37:07,7.0,30.0,49.0,1,
40,40,Standard,2016-08-19,2016-09-16,Expired,17,0.03,IN551,,,,,11,28.0
41,41,Standard,2018-07-28,,Active,33,0.03,TC123,2022-09-22 02:58:28,7.0,22.0,5.0,31,
42,42,Standard,2022-12-20,2023-01-13,Active,26,0.01,ZU272,2022-12-19 17:14:12,4.0,19.0,60.0,17,24.0
43,43,Standard,2017-04-17,2017-04-23,Expired,1,0.03,WR427,,,,,1,6.0
44,44,Loyalty,2019-08-07,2021-01-08,Expired,199,0.04,CJ233,,,,,20,520.0
45,45,Standard,2022-09-03,2022-09-04,Expired,11,0.01,XZ233,,,,,11,1.0
46,46,Standard,2021-10-22,2021-11-05,Expired,21,0.03,MV704,,,,,5,14.0
47,47,Standard,2018-04-26,,Active,23,0.01,TN725,2022-12-22 07:04:06,13.0,3.0,17.0,5,
48,48,Loyalty,2015-05-26,2015-06-25,Expired,231,0.05,FS141,,,,,32,30.0
49,49,Standard,2018-05-07,2018-05-20,Expired,15,0.01,CQ850,,,,,8,13.0
50,50,Standard,2017-08-06,2017-08-19,Expired,42,0.02,HG500,,,,,37,13.0
51,51,Standard,2017-08-01,,Active,3,0.03,ID398,2022-11-22 10:39:29,7.0,12.0,25.0,2,
52,52,Standard,2017-05-15,,Active,18,0.02,JP613,2022-08-12 05:17:22,4.0,5.0,21.0,10,
53,53,Standard,2018-05-07,,Active,74,0.01,QL636,2022-10-14 08:18:44,9.0,26.0,16.0,73,
54,54,Standard,2016-04-19,,Active,19,0.02,CQ676,2022-06-06 17:47:59,2.0,12.0,53.0,19,
55,55,Standard,2016-01-10,,Active,9,0.01,JK958,2022-09-19 22:43:01,14.0,1.0,38.0,5,
56,56,Loyalty,2019-07-06,,Active,354,0.04,GA293,2022-12-22 15:20:14,5.0,33.0,105.0,103,
57,57,Standard,2018-11-12,,Active,20,0.03,VK106,2022-10-15 05:03:29,10.0,23.0,45.0,20,
58,58,Standard,2016-04-05,,Active,33,0.02,GC563,2022-10-10 19:15:46,17.0,29.0,38.0,8,
59,59,Standard,2022-03-06,,Active,84,0.02,XK192,2022-09-20 00:01:57,1.0,25.0,18.0,59,
60,60,Standard,2022-01-05,,Active,4,0.01,KT366,2022-10-22 13:39:44,5.0,19.0,61.0,3,
61,61,Standard,2018-08-03,,Active,31,0.01,OW232,2022-12-06 18:18:55,5.0,8.0,47.0,1,
62,62,Standard,2016-09-24,,Active,35,0.01,OT767,2022-10-20 10:37:49,4.0,24.0,36.0,26,
63,63,Loyalty,2022-10-13,,Active,405,0.03,LJ499,2022-10-23 11:58:22,29.0,38.0,131.0,254,
64,64,Loyalty,2014-06-03,,Active,151,0.04,FU649,2022-06-23 09:49:25,32.0,82.0,140.0,54,
65,65,Standard,2018-12-24,,Active,17,0.01,ZI878,2022-10-17 17:36:00,2.0,8.0,33.0,8,
66,66,Standard,2017-06-10,,Active,68,0.02,DT523,2022-06-23 21:09:09,16.0,23.0,20.0,34,
67,67,Standard,2018-10-02,2018-10-23,Expired,33,0.01,NQ616,,,,,20,21.0
68,68,Standard,2016-11-27,2016-12-07,Expired,23,0.02,CJ948,,,,,22,10.0
69,69,Standard,2016-04-14,,Active,23,0.01,US730,2022-07-17 05:20:15,12.0,8.0,18.0,21,
70,70,Standard,2022-11-01,2022-11-14,Expired,49,0.01,RP179,,,,,5,13.0
71,71,Standard,2016-11-20,2016-11-30,Expired,47,0.02,DN347,,,,,6,10.0
72,72,Standard,2016-01-25,2016-02-11,Expired,32,0.02,UX842,,,,,30,17.0
73,73,Standard,2018-02-16,,Active,16,0.01,HV659,2022-03-02 10:48:00,18.0,9.0,61.0,16,
74,74,Standard,2017-01-17,,Active,46,0.01,NF415,2022-11-20 06:21:12,5.0,5.0,10.0,37,
75,75,Standard,2021-12-12,,Active,13,0.02,DQ376,2022-06-02 18:31:55,1.0,18.0,2.0,13,
76,76,Standard,2016-12-18,,Active,30,0.01,AP201,2022-12-08 13:58:55,1.0,1.0,52.0,1,
77,77,Loyalty,2019-03-08,,Active,442,0.03,NA927,2022-12-04 06:19:50,7.0,72.0,92.0,81,
78,78,Standard,2017-08-24,,Active,26,0.01,NX400,2022-09-01 20:26:08,11.0,29.0,52.0,22,
79,79,Standard,2018-08-07,,Active,21,0.03,EP122,2022-12-26 05:15:13,4.0,13.0,41.0,5,
80,80,Standard,2016-12-17,,Active,41,0.03,XB542,2022-09-20 18:06:38,4.0,19.0,32.0,17,
81,81,Loyalty,2013-01-31,,Active,411,0.05,FU395,2022-12-11 00:05:33,10.0,68.0,28.0,130,
82,82,Standard,2018-07-19,,Active,33,0.02,HL177,2022-10-05 22:41:20,18.0,6.0,12.0,24,
83,83,Standard,2018-09-04,,Active,21,0.01,LT576,2022-10-18 00:10:27,11.0,4.0,25.0,2,
84,84,Standard,2018-03-05,,Active,24,0.02,AO675,2022-09-06 02:59:33,11.0,25.0,35.0,20,
85,85,Standard,2018-01-18,2018-02-13,Expired,9,0.03,AG899,,,,,9,26.0
86,86,Standard,2016-07-27,,Active,16,0.01,AY172,2022-11-07 03:35:01,9.0,20.0,13.0,13,
87,87,Standard,2016-09-14,2016-10-10,Expired,26,0.01,XX527,,,,,21,26.0
88,88,Standard,2018-05-19,,Active,95,0.01,XC826,2022-10-26 22:37:16,16.0,18.0,19.0,11,
89,89,Standard,2016-10-02,,Active,28,0.01,LC900,2022-10-17 06:57:32,5.0,7.0,8.0,27,
90,90,Standard,2018-12-31,,Active,13,0.02,PC933,2022-12-20 02:54:41,9.0,24.0,1.0,11,
91,91,Standard,2017-12-28,2018-01-10,Expired,85,0.02,AV975,,,,,52,13.0
92,92,Loyalty,2020-06-09,,Active,133,0.05,ID600,2022-07-12 02:34:37,47.0,69.0,87.0,62,
93,93,Standard,2022-10-18,2022-11-15,Expired,16,0.01,BD774,,,,,2,28.0
94,94,Standard,2017-03-18,,Active,36,0.01,SY624,2022-10-27 14:00:44,10.0,13.0,18.0,22,
95,95,Standard,2021-10-04,,Active,38,0.03,OQ167,2022-12-26 21:04:58,13.0,26.0,50.0,23,
96,96,Standard,2022-05-12,2022-05-29,Expired,47,0.01,BF479,,,,,37,17.0
97,97,Standard,2021-02-25,2021-02-26,Expired,14,0.02,DC703,,,,,1,1.0
98,98,Standard,2021-09-04,,Active,31,0.01,TI506,2022-11-21 21:47:41,3.0,3.0,46.0,10,
99,99,Loyalty,2022-04-29,,Active,160,0.04,KX855,2022-12-06 00:12:10,14.0,70.0,20.0,140,
100,100,Standard,2022-06-16,2022-07-01,Expired,24,0.02,YT823,,,,,18,15.0
101,101,Standard,2018-11-30,2018-12-05,Expired,32,0.01,XC900,,,,,3,5.0
102,102,Standard,2018-03-29,2018-09-28,Expired,16,0.03,GO186,,,,,16,183.0
103,103,Loyalty,2017-04-17,,Active,400,0.03,ZC708,2022-12-16 10:20:12,44.0,80.0,77.0,297,
104,104,Standard,2018-01-22,,Active,27,0.01,WO762,2022-12-27 06:57:20,16.0,31.0,39.0,21,
105,105,Standard,2021-01-22,,Active,48,0.01,PF417,2022-09-29 21:16:16,2.0,30.0,30.0,22,
106,106,Standard,2018-03-08,2018-04-01,Expired,100,0.01,LV654,,,,,94,24.0
107,107,Standard,2016-12-14,2016-12-26,Expired,3,0.03,AV401,,,,,3,12.0
108,108,Standard,2016-02-13,2016-02-22,Expired,59,0.03,FZ303,,,,,26,9.0
109,109,Loyalty,2019-08-19,,Active,387,0.04,DF836,2022-12-21 23:01:36,1.0,40.0,114.0,254,
110,110,Standard,2016-08-13,,Active,37,0.02,PF539,2022-05-30 18:45:36,10.0,25.0,6.0,31,
111,111,Standard,2016-03-15,,Active,27,0.03,RJ169,2022-08-29 23:55:13,2.0,28.0,47.0,22,
112,112,Loyalty,2015-03-04,2016-01-15,Expired,102,0.04,YX695,,,,,70,317.0
113,113,Standard,2021-08-24,,Active,10,0.01,UX289,2022-11-28 09:05:31,3.0,12.0,14.0,3,
114,114,Standard,2022-08-03,2022-08-27,Expired,36,0.01,CW191,,,,,28,24.0
115,115,Standard,2016-09-15,2016-09-30,Expired,49,0.01,JH358,,,,,33,15.0
116,116,Standard,2017-03-08,,Active,54,0.02,NQ191,2022-09-26 06:43:14,4.0,27.0,63.0,21,
117,117,Loyalty,2021-08-13,,Active,185,0.04,DE423,2022-09-24 07:26:13,31.0,66.0,5.0,94,
118,118,Standard,2017-06-27,2017-07-15,Expired,6,0.01,UU422,,,,,1,18.0
119,119,Standard,2018-05-19,,Active,28,0.02,AY591,2022-11-16 22:01:58,2.0,24.0,25.0,20,
120,120,Standard,2022-10-23,2022-11-22,Expired,34,0.02,SL917,,,,,13,30.0
121,121,Standard,2022-04-19,2022-05-15,Expired,10,0.01,ZZ238,,,,,3,26.0
122,122,Standard,2022-11-01,,Active,76,0.02,SO542,2022-11-05 23:25:45,15.0,19.0,33.0,60,
123,123,Standard,2021-03-23,2021-04-05,Expired,25,0.01,XC150,,,,,25,13.0
124,124,Standard,2018-07-07,,Active,88,0.02,FK118,2022-12-31 17:49:25,16.0,18.0,3.0,6,
125,125,Loyalty,2018-10-07,,Active,404,0.05,XA686,2022-11-14 14:21:59,22.0,54.0,19.0,134,
126,126,Standard,2018-06-14,2018-06-26,Expired,39,0.01,XH112,,,,,18,12.0
127,127,Standard,2016-11-08,,Active,45,0.01,WC276,2022-11-20 14:57:17,12.0,4.0,26.0,22,
128,128,Standard,2018-10-25,,Active,2,0.01,IW172,2022-10-25 01:09:00,17.0,16.0,62.0,2,
129,129,Standard,2018-02-20,,Active,28,0.01,FE960,2022-12-10 23:51:27,12.0,15.0,16.0,22,
130,130,Standard,2018-10-07,,Active,2,0.03,CK277,2022-10-24 18:03:00,16.0,1.0,37.0,0,
131,131,Loyalty,2021-11-17,,Active,131,0.03,ZQ234,2022-08-30 01:19:56,40.0,68.0,79.0,59,
132,132,Standard,2018-09-18,,Active,27,0.01,VK106,2022-09-06 19:56:01,11.0,4.0,28.0,12,
133,133,Standard,2018-10-03,2018-10-17,Expired,19,0.01,HH554,,,,,12,14.0
134,134,Standard,2018-10-07,,Active,22,0.01,EF998,2022-11-12 12:16:28,2.0,26.0,43.0,2,
135,135,Loyalty,2022-08-19,2024-07-27,Active,113,0.04,YM439,2022-12-30 08:14:28,11.0,52.0,139.0,110,708.0
136,136,Standard,2022-05-20,,Active,28,0.03,TE564,2022-09-15 13:34:26,5.0,4.0,14.0,13,
137,137,Standard,2017-03-29,,Active,13,0.02,KR420,2022-10-10 07:08:27,10.0,6.0,7.0,7,
138,138,Standard,2017-01-01,,Active,21,0.02,NI918,2022-12-02 16:16:02,16.0,23.0,51.0,17,
139,139,Loyalty,2017-08-13,,Active,258,0.05,HK452,2022-10-16 08:54:21,39.0,53.0,54.0,147,
140,140,Loyalty,2019-03-10,,Active,189,0.05,UU427,2022-10-04 19:43:52,46.0,38.0,25.0,111,
141,141,Standard,2017-12-01,,Active,7,0.01,US655,2022-11-25 14:30:04,17.0,9.0,61.0,3,
142,142,Standard,2017-12-08,2017-12-26,Expired,77,0.02,DA424,,,,,76,18.0
143,143,Standard,2017-01-30,,Active,2,0.03,RB314,2022-09-20 16:52:37,5.0,9.0,58.0,2,
144,144,Standard,2017-06-20,2017-07-20,Expired,0,0.01,FM939,,,,,0,30.0
145,145,Standard,2016-12-01,,Active,33,0.02,PU246,2022-09-08 08:13:53,12.0,30.0,49.0,24,
146,146,Standard,2017-12-09,2017-12-19,Expired,58,0.01,OX197,,,,,3,10.0
147,147,Standard,2022-01-14,,Active,22,0.01,FC450,2022-10-22 16:44:45,2.0,30.0,9.0,22,
148,148,Loyalty,2019-08-21,2021-04-28,Expired,138,0.04,VE583,,,,,6,616.0
149,149,Standard,2021-03-21,2021-04-06,Expired,90,0.02,EH657,,,,,52,16.0
150,150,Standard,2022-11-22,,Active,43,0.01,RI300,2022-11-09 17:38:11,11.0,6.0,1.0,32,
151,151,Standard,2022-01-24,2022-02-04,Expired,2,0.01,YS735,,,,,1,11.0
152,152,Standard,2017-11-06,,Active,31,0.02,KN286,2022-11-29 05:30:47,13.0,25.0,53.0,25,
153,153,Standard,2018-02-07,,Active,33,0.01,DX654,2022-09-19 22:56:47,5.0,4.0,33.0,8,
154,154,VIP,2019-03-07,,Active,847,0.1,ZX166,2022-12-31 14:02:34,73.0,4.0,332.0,272,
155,155,Standard,2018-05-17,,Active,73,0.01,KF725,2022-10-06 15:31:46,11.0,19.0,56.0,5,
156,156,Standard,2017-01-08,,Active,15,0.01,FL615,2022-07-06 06:37:44,14.0,9.0,40.0,4,
157,157,Standard,2022-06-16,2022-07-01,Expired,55,0.01,XQ319,,,,,49,15.0
158,158,Standard,2022-06-23,2022-07-20,Expired,22,0.03,FP474,,,,,2,27.0
159,159,Loyalty,2018-10-24,,Active,233,0.04,TP900,2022-12-29 12:20:51,31.0,40.0,68.0,198,
160,160,Standard,2016-06-06,,Active,14,0.03,ER818,2022-09-30 16:14:06,7.0,17.0,22.0,1,
161,161,Standard,2018-08-30,,Active,47,0.03,YZ957,2022-10-14 15:53:41,11.0,13.0,61.0,9,
162,162,Standard,2016-09-29,,Active,13,0.03,FS256,2022-12-14 10:06:23,9.0,26.0,17.0,10,
163,163,Loyalty,2014-05-04,2014-06-27,Expired,324,0.04,IX590,,,,,298,54.0
164,164,Standard,2021-08-01,,Active,18,0.01,GM565,2022-04-28 21:37:37,2.0,23.0,6.0,2,
165,165,Standard,2017-11-12,,Active,21,0.01,DZ638,2022-09-04 14:42:51,8.0,8.0,41.0,6,
166,166,Standard,2022-07-23,2022-08-15,Expired,25,0.01,DF265,,,,,2,23.0
167,167,Standard,2016-12-20,2016-12-28,Expired,25,0.01,PI325,,,,,23,8.0
168,168,Standard,2018-06-07,2018-06-14,Expired,91,0.01,CD715,,,,,21,7.0
169,169,Standard,2018-05-21,2018-06-11,Expired,14,0.01,UN995,,,,,0,21.0
170,170,Standard,2021-11-01,,Active,29,0.01,LT238,2022-10-27 03:13:01,11.0,29.0,43.0,0,
171,171,Standard,2022-01-08,2022-03-23,Expired,2,0.01,NW690,,,,,0,74.0
172,172,Standard,2017-11-14,,Active,33,0.01,CT284,2022-10-02 07:11:41,13.0,5.0,58.0,13,
173,173,Standard,2018-03-16,,Active,60,0.03,OM166,2022-10-25 19:43:49,2.0,5.0,36.0,26,
174,174,Standard,2018-09-20,,Active,2,0.01,XD648,2022-12-17 19:24:34,6.0,8.0,6.0,0,
175,175,Standard,2017-07-04,,Active,7,0.03,OG938,2022-11-01 01:07:27,15.0,26.0,43.0,1,
176,176,Loyalty,2020-04-30,,Active,231,0.05,TW354,2022-12-05 23:11:59,29.0,34.0,104.0,91,
177,177,Standard,2022-06-05,,Active,12,0.02,LR162,2022-12-16 18:08:27,15.0,29.0,8.0,10,
178,178,Standard,2021-05-23,,Active,67,0.03,UH232,2022-09-12 02:37:32,14.0,22.0,40.0,56,
179,179,Standard,2018-12-22,2018-12-29,Expired,20,0.01,IV400,,,,,2,7.0
180,180,Standard,2016-04-07,2016-05-06,Expired,29,0.01,GV418,,,,,5,29.0
181,181,Standard,2018-07-25,,Active,13,0.01,ZW302,2022-11-27 01:28:53,6.0,8.0,6.0,6,
182,182,Standard,2017-07-30,2017-08-14,Expired,24,0.02,KC832,,,,,12,15.0
183,183,Standard,2018-03-07,,Active,20,0.01,AU656,2022-12-27 07:03:57,9.0,24.0,33.0,19,
184,184,Standard,2022-12-31,,Active,19,0.02,KQ833,2022-12-17 08:03:46,4.0,17.0,2.0,2,
185,185,Standard,2021-10-15,,Active,23,0.01,FM197,2022-10-02 20:32:21,15.0,2.0,8.0,8,
186,186,Standard,2018-07-30,,Active,23,0.01,RI843,2022-10-10 14:21:19,12.0,14.0,56.0,22,
187,187,Loyalty,2022-09-11,,Active,362,0.05,VZ425,2022-12-25 23:05:30,12.0,19.0,30.0,272,
188,188,Standard,2021-07-31,,Active,18,0.01,FZ898,2022-05-06 14:16:00,3.0,1.0,24.0,7,
189,189,Standard,2022-02-03,2022-03-02,Expired,20,0.03,KR860,,,,,15,27.0
190,190,Loyalty,2016-11-21,,Active,282,0.05,RC797,2022-12-12 12:31:31,25.0,14.0,102.0,237,
191,191,Standard,2022-09-04,,Active,1,0.01,WA110,2022-11-16 05:53:55,11.0,29.0,47.0,1,
192,192,Standard,2020-09-15,,Active,1,0.03,LD709,2022-09-02 00:43:56,12.0,6.0,52.0,0,
193,193,Standard,2022-11-18,,Active,16,0.03,UN500,2022-12-02 06:13:15,14.0,30.0,10.0,10,
194,194,Standard,2018-08-17,,Active,25,0.03,RM857,2022-12-25 08:13:57,9.0,13.0,18.0,3,
195,195,Standard,2017-08-16,2017-08-24,Expired,13,0.01,BD138,,,,,9,8.0
196,196,Standard,2017-04-02,,Active,79,0.01,WL687,2022-12-07 15:11:21,6.0,12.0,51.0,65,
197,197,Standard,2018-08-19,2018-09-18,Expired,7,0.01,IS992,,,,,0,30.0
198,198,Standard,2018-05-05,,Active,85,0.02,CG863,2022-09-21 08:54:14,6.0,28.0,46.0,57,
199,199,Standard,2018-12-22,,Active,39,0.03,OE107,2022-08-11 01:05:55,16.0,12.0,17.0,26,
200,200,Standard,2018-12-15,,Active,16,0.02,GV485,2022-08-18 12:15:41,1.0,16.0,18.0,13,
201,201,Standard,2016-01-30,2016-02-10,Expired,28,0.03,WO265,,,,,6,11.0
202,202,Standard,2022-01-27,2022-01-30,Expired,49,0.01,YN957,,,,,11,3.0
203,203,Standard,2017-01-15,,Active,13,0.03,JX447,2022-12-17 10:44:54,14.0,11.0,38.0,12,
204,204,Standard,2021-12-27,,Active,49,0.01,LB643,2022-10-15 12:20:17,6.0,20.0,29.0,49,
205,205,Loyalty,2019-11-29,2019-12-09,Expired,329,0.04,HZ201,,,,,209,10.0
206,206,Loyalty,2022-04-12,,Active,176,0.04,ZT411,2022-11-28 21:50:43,28.0,43.0,134.0,82,
207,207,Standard,2016-08-01,2016-08-06,Expired,37,0.03,IU552,,,,,31,5.0
208,208,Standard,2022-06-28,,Active,28,0.03,GP732,2022-09-25 03:01:38,6.0,5.0,59.0,0,
209,209,Standard,2018-01-19,2018-01-24,Expired,21,0.03,XN387,,,,,21,5.0
210,210,Standard,2016-04-10,,Active,87,0.01,HQ394,2022-11-01 17:17:58,2.0,8.0,22.0,53,
211,211,Standard,2018-03-14,,Active,9,0.01,QY504,2022-11-11 04:36:22,1.0,10.0,3.0,4,
212,212,Standard,2016-09-28,2016-10-12,Expired,20,0.01,BX508,,,,,17,14.0
213,213,Standard,2018-04-11,,Active,11,0.02,UY486,2022-10-02 17:09:22,1.0,8.0,59.0,6,
214,214,Standard,2020-11-23,2020-12-12,Expired,8,0.02,RG972,,,,,4,19.0
215,215,Standard,2018-06-03,,Active,9,0.02,KF382,2022-12-13 08:50:24,8.0,25.0,56.0,3,
216,216,Standard,2017-04-30,,Active,23,0.01,IK367,2022-06-01 21:43:31,2.0,10.0,47.0,15,
217,217,Loyalty,2018-04-20,,Active,341,0.05,AX465,2022-11-29 22:23:05,4.0,10.0,67.0,38,
218,218,Standard,2017-03-28,,Active,63,0.03,GO541,2022-12-28 00:06:06,12.0,30.0,63.0,24,
219,219,Standard,2022-08-27,,Active,22,0.03,RP153,2022-12-17 16:30:12,7.0,8.0,15.0,22,
220,220,Standard,2016-02-09,,Active,10,0.01,GC288,2022-11-27 18:37:27,7.0,22.0,16.0,2,
221,221,Standard,2022-10-07,2022-10-21,Expired,19,0.01,FY835,,,,,5,14.0
222,222,Standard,2016-12-26,2017-01-11,Expired,13,0.01,TE610,,,,,3,16.0
223,223,Standard,2022-09-17,,Active,47,0.01,EB385,2022-06-24 06:22:25,16.0,14.0,51.0,35,
224,224,Loyalty,2022-05-20,,Active,209,0.04,EQ501,2022-12-30 06:12:54,37.0,24.0,14.0,196,
225,225,Loyalty,2022-12-14,,Active,217,0.04,XC313,2022-07-13 00:44:16,15.0,37.0,28.0,213,
226,226,Standard,2018-02-15,,Active,24,0.01,UP864,2022-09-18 18:20:26,7.0,14.0,1.0,24,
227,227,Standard,2018-07-18,,Active,29,0.01,BS662,2022-12-05 22:07:06,1.0,30.0,42.0,19,
228,228,Standard,2018-08-04,2018-08-19,Expired,56,0.01,AW249,,,,,9,15.0
229,229,Standard,2018-09-18,,Active,26,0.01,QC592,2022-11-28 14:50:22,6.0,16.0,13.0,16,
230,230,Loyalty,2019-07-06,,Active,263,0.04,JN110,2022-12-01 08:01:36,40.0,41.0,23.0,91,
231,231,Standard,2016-08-14,,Active,20,0.01,PL961,2022-12-29 10:04:19,13.0,12.0,1.0,9,
232,232,Standard,2017-12-28,2018-01-04,Expired,41,0.03,WU316,,,,,2,7.0
233,233,Standard,2017-06-18,,Active,17,0.01,NF985,2022-05-02 03:21:38,14.0,23.0,18.0,15,
234,234,Standard,2016-11-02,,Active,19,0.01,YK882,2022-09-17 11:21:51,5.0,23.0,5.0,19,
235,235,Loyalty,2022-01-09,,Active,287,0.04,QR804,2022-12-13 07:55:15,9.0,5.0,153.0,142,
236,236,VIP,2021-06-04,,Active,610,0.05,LT536,2022-12-24 22:29:33,115.0,90.0,150.0,486,
237,237,Standard,2016-03-13,2016-03-28,Expired,0,0.01,LV501,,,,,0,15.0
238,238,Standard,2022-12-10,,Active,10,0.03,XP669,2022-07-21 17:00:16,11.0,26.0,58.0,1,
239,239,Standard,2016-04-06,,Active,22,0.01,GZ781,2022-09-26 23:12:43,11.0,13.0,54.0,11,
240,240,Standard,2018-10-24,,Active,42,0.01,XP411,2022-10-28 22:19:13,5.0,7.0,18.0,32,
241,241,Standard,2016-12-14,2016-12-29,Expired,45,0.02,HY353,,,,,29,15.0
242,242,Standard,2016-07-15,,Active,43,0.01,WG164,2022-10-16 22:23:41,12.0,18.0,34.0,11,
243,243,Standard,2016-02-28,,Active,21,0.01,LU622,2022-12-19 15:59:59,2.0,21.0,20.0,17,
244,244,Standard,2016-03-03,2016-11-23,Expired,26,0.01,SN163,,,,,21,265.0
245,245,Standard,2020-01-22,,Active,74,0.02,HL831,2022-07-10 02:18:10,2.0,7.0,8.0,1,
246,246,Standard,2021-02-19,,Active,36,0.02,KM485,2022-09-26 16:08:01,1.0,3.0,39.0,28,
247,247,Standard,2017-03-30,,Active,15,0.03,PZ975,2022-08-19 04:55:18,4.0,19.0,47.0,3,
248,248,Standard,2018-03-21,,Active,8,0.02,VQ146,2022-12-05 15:25:11,7.0,25.0,33.0,8,
249,249,Loyalty,2018-04-17,,Active,211,0.04,BH976,2022-06-09 23:38:39,18.0,27.0,119.0,147,
250,250,Loyalty,2021-05-19,2023-02-26,Active,362,0.05,PA958,2022-12-12 01:02:30,21.0,32.0,40.0,80,648.0
251,251,Standard,2022-01-09,2022-01-22,Expired,29,0.03,IG325,,,,,9,13.0
252,252,Standard,2017-08-26,,Active,35,0.02,OK199,2022-11-27 00:21:47,6.0,17.0,32.0,27,
253,253,Standard,2016-07-11,2016-08-03,Expired,26,0.03,II380,,,,,5,23.0
254,254,Loyalty,2022-05-05,2022-10-24,Expired,182,0.03,YB371,,,,,4,172.0
255,255,Standard,2018-03-22,,Active,7,0.03,SM191,2022-09-12 21:12:29,7.0,12.0,38.0,0,
256,256,Loyalty,2018-06-14,,Active,210,0.04,HH628,2022-08-06 17:05:43,6.0,7.0,109.0,39,
257,257,Loyalty,2019-09-13,,Active,251,0.03,HG425,2022-06-14 08:19:07,11.0,43.0,21.0,53,
258,258,Standard,2017-07-01,,Active,33,0.03,PS928,2022-11-11 12:40:24,5.0,1.0,12.0,19,
259,259,Standard,2018-08-19,,Active,24,0.02,XW657,2022-10-14 14:21:21,14.0,16.0,36.0,15,
260,260,Standard,2018-03-26,,Active,33,0.02,FF782,2022-07-03 15:23:17,16.0,30.0,22.0,9,
261,261,Standard,2018-02-23,2018-03-01,Expired,5,0.01,OE978,,,,,3,6.0
262,262,Standard,2017-04-05,,Active,64,0.03,TL776,2022-03-16 13:20:29,14.0,25.0,59.0,27,
263,263,Standard,2022-09-03,,Active,39,0.01,ON144,2022-08-16 07:29:21,13.0,2.0,40.0,20,
264,264,Standard,2017-01-23,,Active,18,0.01,GJ886,2022-12-13 05:13:31,8.0,19.0,40.0,14,
265,265,Loyalty,2017-08-15,2019-08-24,Expired,124,0.05,PI404,,,,,69,739.0
266,266,Standard,2016-01-02,2016-01-25,Expired,13,0.03,FT504,,,,,7,23.0
267,267,Loyalty,2015-07-05,,Active,325,0.04,HA331,2022-10-28 20:20:13,13.0,47.0,126.0,116,
268,268,Standard,2021-12-28,,Active,29,0.02,ZM759,2022-12-19 01:30:40,2.0,7.0,59.0,21,
269,269,Standard,2022-10-29,2022-11-03,Expired,24,0.03,FM918,,,,,12,5.0
270,270,Standard,2022-11-24,2022-12-15,Expired,23,0.02,GN115,,,,,11,21.0
271,271,Standard,2016-07-19,,Active,42,0.01,YE537,2022-06-19 07:17:52,13.0,26.0,38.0,22,
272,272,Loyalty,2015-03-31,,Active,391,0.03,XJ975,2022-08-25 20:26:21,20.0,35.0,15.0,342,
273,273,Loyalty,2021-12-17,,Active,487,0.03,DW623,2022-12-23 22:54:04,17.0,25.0,81.0,103,
274,274,Standard,2018-11-26,,Active,13,0.01,CI248,2022-08-04 05:26:49,5.0,5.0,27.0,0,
275,275,Standard,2022-12-23,2023-01-18,Active,6,0.03,SO520,2022-06-03 23:14:39,9.0,20.0,4.0,2,26.0
276,276,Standard,2022-11-02,2022-11-17,Expired,66,0.01,PA636,,,,,63,15.0
277,277,Loyalty,2018-08-26,,Active,183,0.04,JA642,2022-08-17 15:05:37,41.0,12.0,53.0,155,
278,278,Standard,2020-02-09,2020-02-28,Expired,89,0.02,HH840,,,,,46,19.0
279,279,Standard,2016-09-09,,Active,9,0.01,RA810,2022-08-23 04:37:25,16.0,20.0,4.0,4,
280,280,Standard,2018-07-25,,Active,42,0.02,MW676,2022-09-02 00:17:55,12.0,6.0,51.0,26,
281,281,Standard,2017-08-15,,Active,14,0.01,ZH253,2022-07-03 05:49:13,7.0,24.0,25.0,1,
282,282,Standard,2022-03-17,,Active,19,0.01,DT508,2022-10-16 04:02:57,9.0,16.0,38.0,1,
283,283,Standard,2016-04-24,,Active,41,0.02,BP223,2022-10-10 08:47:26,2.0,27.0,19.0,13,
284,284,VIP,2021-10-16,,Active,826,0.07,TT604,2022-12-30 21:29:10,97.0,228.0,228.0,320,
285,285,Loyalty,2022-10-04,2023-03-02,Active,224,0.04,AH816,2022-12-24 10:21:28,14.0,79.0,16.0,154,149.0
286,286,Standard,2017-06-27,2017-07-11,Expired,44,0.01,NG784,,,,,24,14.0
287,287,Standard,2020-12-09,,Active,10,0.02,KD845,2022-12-28 20:22:28,4.0,23.0,17.0,6,
288,288,Standard,2017-09-11,2017-09-24,Expired,31,0.03,FU183,,,,,21,13.0
289,289,Standard,2018-05-28,,Active,27,0.03,RF551,2022-07-29 05:52:30,5.0,15.0,39.0,15,
290,290,Standard,2017-09-17,2017-10-09,Expired,0,0.01,TE265,,,,,0,22.0
291,291,Standard,2022-01-03,2022-01-07,Expired,32,0.03,EF231,,,,,18,4.0
292,292,Standard,2018-03-23,,Active,9,0.03,XN906,2022-11-21 12:28:50,14.0,17.0,1.0,6,
293,293,Loyalty,2022-06-14,,Active,127,0.03,IQ633,2022-11-18 18:23:14,36.0,48.0,65.0,31,
294,294,Loyalty,2021-07-30,,Active,273,0.04,FW962,2022-06-09 03:39:51,32.0,42.0,60.0,52,
295,295,Standard,2017-06-10,,Active,32,0.01,YS810,2022-10-23 18:42:52,6.0,8.0,3.0,18,
296,296,Standard,2018-07-29,2018-08-09,Expired,14,0.01,KL742,,,,,12,11.0
297,297,Loyalty,2019-04-28,,Active,414,0.03,YV909,2022-12-05 04:12:41,40.0,22.0,117.0,318,
298,298,Standard,2016-06-28,,Active,16,0.01,XH763,2022-09-11 08:12:49,15.0,10.0,15.0,16,
299,299,Standard,2018-10-12,,Active,13,0.02,FE466,2022-10-04 08:41:14,5.0,18.0,7.0,3,
300,300,Standard,2022-12-23,,Active,0,0.02,EO158,2022-09-16 21:55:00,2.0,3.0,2.0,0,
301,301,Standard,2020-04-13,,Active,26,0.01,GK572,2022-10-22 01:21:13,12.0,20.0,38.0,2,
302,302,Standard,2016-07-14,,Active,14,0.03,BW744,2022-12-24 15:03:59,4.0,29.0,11.0,11,
303,303,Standard,2018-10-23,,Active,19,0.03,WA687,2022-10-03 10:56:16,13.0,4.0,7.0,11,
304,304,Standard,2018-02-07,,Active,5,0.01,VH429,2022-10-19 10:28:37,5.0,7.0,60.0,2,
305,305,Standard,2016-01-09,,Active,17,0.01,CT425,2022-07-11 08:34:17,11.0,7.0,49.0,3,
306,306,Loyalty,2014-09-01,2015-11-30,Expired,350,0.04,DA716,,,,,74,455.0
307,307,Standard,2017-03-11,,Active,35,0.02,IT815,2022-12-31 23:35:21,12.0,9.0,2.0,24,
308,308,Standard,2018-09-26,,Active,10,0.02,VD327,2022-09-02 03:46:21,13.0,22.0,54.0,5,
309,309,Standard,2021-12-01,,Active,32,0.01,CS447,2022-08-11 05:21:36,4.0,29.0,50.0,13,
310,310,Standard,2021-01-09,,Active,5,0.02,YG477,2022-09-09 12:10:52,17.0,27.0,25.0,2,
311,311,Standard,2018-11-27,2018-12-08,Expired,59,0.01,TH870,,,,,0,11.0
312,312,Standard,2020-10-22,,Active,32,0.02,BD819,2022-11-09 10:25:08,13.0,18.0,23.0,22,
313,313,Standard,2022-09-29,2022-10-12,Expired,21,0.03,RB537,,,,,17,13.0
314,314,Standard,2022-10-26,,Active,62,0.03,NC945,2022-10-22 06:19:16,8.0,23.0,26.0,30,
315,315,Standard,2022-07-11,,Active,7,0.02,EP166,2022-09-28 21:36:58,2.0,5.0,32.0,2,
316,316,Standard,2018-11-14,,Active,40,0.03,GJ474,2022-04-08 16:44:03,5.0,28.0,2.0,24,
317,317,Standard,2017-07-13,,Active,48,0.03,SB358,2022-11-01 02:22:51,1.0,21.0,43.0,40,
318,318,Loyalty,2017-08-07,,Active,246,0.03,EC980,2022-12-07 05:05:53,29.0,71.0,80.0,129,
319,319,Standard,2017-04-28,,Active,31,0.01,XT251,2022-10-31 21:10:08,15.0,9.0,54.0,29,
320,320,Standard,2021-09-24,2021-10-10,Expired,22,0.03,ND184,,,,,0,16.0
321,321,Standard,2020-05-21,,Active,10,0.03,DO799,2022-10-28 23:52:43,12.0,14.0,24.0,3,
322,322,Standard,2018-10-24,,Active,28,0.01,WJ349,2022-09-20 00:53:07,7.0,14.0,37.0,12,
323,323,Standard,2018-08-26,,Active,75,0.01,VE624,2022-12-01 04:21:06,5.0,16.0,55.0,11,
324,324,Loyalty,2015-07-14,,Active,400,0.05,ER986,2022-12-27 13:06:59,18.0,31.0,111.0,377,
325,325,Standard,2020-07-07,,Active,25,0.02,QC533,2022-12-30 00:50:26,3.0,25.0,27.0,13,
326,326,Standard,2018-01-21,2018-02-05,Expired,47,0.03,VJ717,,,,,30,15.0
327,327,Standard,2018-11-01,2018-11-14,Expired,84,0.01,DP294,,,,,9,13.0
328,328,Loyalty,2017-05-24,,Active,405,0.04,IL155,2022-09-14 11:13:16,15.0,20.0,37.0,172,
329,329,Standard,2018-07-24,,Active,14,0.02,AL139,2022-10-26 03:46:45,7.0,7.0,43.0,10,
330,330,Standard,2016-08-06,,Active,26,0.01,XO729,2022-11-15 20:25:42,2.0,30.0,28.0,3,
331,331,Standard,2022-03-31,,Active,59,0.02,UV265,2022-10-23 12:05:05,12.0,2.0,61.0,36,
332,332,Standard,2022-03-17,2022-03-27,Expired,35,0.03,SR527,,,,,3,10.0
333,333,Standard,2016-05-16,2016-05-19,Expired,31,0.03,IE620,,,,,14,3.0
334,334,Standard,2021-02-22,2021-03-14,Expired,20,0.03,JD788,,,,,12,20.0
335,335,Standard,2018-07-19,,Active,39,0.02,ZH896,2022-10-17 03:11:20,8.0,14.0,9.0,15,
336,336,Standard,2016-04-26,,Active,0,0.02,JZ486,2022-06-17 06:01:09,19.0,22.0,26.0,0,
337,337,Standard,2018-07-13,2018-10-30,Expired,19,0.01,PX347,,,,,19,109.0
338,338,Loyalty,2022-09-19,,Active,296,0.03,UV391,2022-10-27 20:21:30,2.0,14.0,53.0,219,
339,339,Loyalty,2019-09-26,2021-01-15,Expired,359,0.04,WV447,,,,,18,477.0
340,340,Standard,2016-12-17,,Active,2,0.02,HB412,2022-12-17 06:27:12,11.0,13.0,59.0,0,
341,341,Loyalty,2013-09-05,2015-04-27,Expired,209,0.05,NS879,,,,,23,599.0
342,342,Standard,2022-02-06,,Active,36,0.01,BR650,2022-09-30 04:56:06,14.0,26.0,44.0,36,
343,343,Loyalty,2019-03-10,,Active,146,0.05,IQ480,2022-12-10 09:37:26,16.0,9.0,158.0,66,
344,344,Loyalty,2018-05-31,,Active,394,0.05,PL303,2022-08-07 19:53:21,38.0,67.0,87.0,146,
345,345,Standard,2018-10-22,,Active,45,0.03,BE782,2022-12-20 08:39:29,6.0,1.0,49.0,12,
346,346,Standard,2017-09-20,,Active,23,0.01,KF963,2022-10-13 10:43:40,5.0,28.0,25.0,16,
347,347,Standard,2022-04-04,,Active,20,0.02,QL337,2022-11-16 18:35:36,13.0,12.0,4.0,1,
348,348,Standard,2018-06-22,,Active,0,0.01,UM471,2022-11-12 23:32:45,13.0,5.0,46.0,0,
349,349,Loyalty,2014-01-05,2014-01-15,Expired,181,0.04,PD234,,,,,79,10.0
350,350,Standard,2017-07-24,2017-08-02,Expired,7,0.02,KR637,,,,,6,9.0
351,351,Standard,2021-07-20,,Active,29,0.01,QT310,2022-12-04 22:44:13,13.0,26.0,17.0,26,
352,352,Standard,2018-02-04,,Active,38,0.03,XP355,2022-10-01 03:20:51,10.0,12.0,33.0,38,
353,353,Standard,2022-04-28,2022-05-20,Expired,37,0.01,NX612,,,,,8,22.0
354,354,Standard,2022-05-06,,Active,33,0.01,VE565,2022-10-19 06:17:21,1.0,9.0,23.0,28,
355,355,Standard,2017-03-05,,Active,7,0.02,ZU943,2022-11-25 09:41:39,4.0,24.0,56.0,2,
356,356,Standard,2016-05-19,,Active,20,0.02,NO904,2022-11-24 17:32:21,9.0,30.0,38.0,4,
357,357,Standard,2016-07-19,,Active,83,0.02,FN834,2022-11-26 08:27:06,9.0,4.0,37.0,37,
358,358,Standard,2017-10-29,2017-11-03,Expired,10,0.01,VD234,,,,,3,5.0
359,359,Loyalty,2018-01-29,,Active,373,0.04,EC732,2022-12-04 22:42:52,9.0,49.0,15.0,9,
360,360,Loyalty,2022-03-11,,Active,408,0.04,IM319,2022-12-07 21:11:26,25.0,43.0,114.0,142,
361,361,Standard,2017-10-08,,Active,5,0.02,MB215,2022-12-12 17:08:28,11.0,11.0,34.0,5,
362,362,Standard,2018-08-01,2018-08-29,Expired,16,0.01,DN120,,,,,10,28.0
363,363,Standard,2022-11-21,2022-12-18,Expired,16,0.03,DJ690,,,,,2,27.0
364,364,Standard,2022-11-06,2022-12-02,Expired,30,0.02,UC756,,,,,5,26.0
365,365,Standard,2017-11-10,2017-12-06,Expired,8,0.01,HA890,,,,,7,26.0
366,366,Standard,2018-01-16,,Active,38,0.02,MD945,2022-10-26 05:59:45,3.0,18.0,3.0,26,
367,367,Standard,2018-09-02,,Active,13,0.03,VB858,2022-10-11 13:19:44,13.0,32.0,17.0,13,
368,368,Standard,2016-06-26,2016-07-07,Expired,41,0.01,OC423,,,,,31,11.0
369,369,Standard,2022-04-06,,Active,98,0.01,DI495,2022-07-11 05:48:40,1.0,20.0,55.0,73,
370,370,Loyalty,2022-01-01,,Active,373,0.04,AE460,2022-12-13 16:03:19,34.0,21.0,151.0,136,
371,371,Standard,2016-10-21,,Active,37,0.01,JK733,2022-10-09 02:21:24,2.0,28.0,29.0,31,
372,372,Loyalty,2022-01-19,,Active,322,0.04,VD846,2022-09-06 09:57:13,6.0,55.0,63.0,186,
373,373,Standard,2022-09-22,,Active,45,0.02,PN494,2022-10-22 15:51:44,1.0,27.0,1.0,36,
374,374,Standard,2017-08-23,,Active,32,0.03,IS483,2022-10-20 08:56:55,4.0,21.0,9.0,4,
375,375,Standard,2018-06-04,2018-07-31,Expired,28,0.03,TJ552,,,,,22,57.0
376,376,Standard,2016-12-30,,Active,10,0.02,SH269,2022-06-02 03:41:32,9.0,15.0,15.0,1,
377,377,Standard,2022-10-28,,Active,1,0.01,NW981,2022-12-27 09:42:48,14.0,9.0,56.0,1,
378,378,Standard,2017-09-30,,Active,44,0.03,TK906,2022-09-29 13:50:40,7.0,10.0,31.0,6,
379,379,Standard,2016-12-07,,Active,1,0.01,CH425,2022-10-13 02:44:51,7.0,13.0,7.0,1,
380,380,Standard,2020-06-26,2020-07-16,Expired,41,0.02,GZ997,,,,,16,20.0
381,381,Standard,2022-03-29,,Active,49,0.01,TN489,2022-09-28 06:00:07,7.0,2.0,41.0,3,
382,382,Standard,2017-08-20,,Active,20,0.03,ZG849,2022-11-21 12:00:46,6.0,28.0,36.0,18,
383,383,Standard,2018-06-10,,Active,29,0.02,OO735,2022-10-04 21:01:01,2.0,4.0,6.0,12,
384,384,VIP,2020-06-18,,Active,805,0.05,UH112,2022-12-12 15:52:23,99.0,68.0,315.0,273,
385,385,Standard,2018-07-07,,Active,29,0.02,YF115,2022-12-11 03:57:18,6.0,5.0,54.0,18,
386,386,Standard,2016-09-18,,Active,2,0.01,YR618,2022-09-04 01:03:41,14.0,4.0,21.0,2,
387,387,Standard,2022-07-05,,Active,13,0.01,BT551,2022-11-14 08:42:31,15.0,7.0,50.0,7,
388,388,Standard,2018-02-12,,Active,12,0.01,RO975,2022-12-17 11:05:28,7.0,7.0,53.0,12,
389,389,Standard,2016-07-07,,Active,57,0.03,PM821,2022-10-03 03:08:03,11.0,29.0,4.0,38,
390,390,VIP,2020-08-03,,Active,861,0.1,RQ834,2022-12-23 02:35:41,3.0,174.0,210.0,505,
391,391,Standard,2016-07-27,,Active,18,0.01,AV570,2022-11-10 09:42:12,15.0,32.0,31.0,11,
392,392,Standard,2016-01-04,2016-01-05,Expired,24,0.01,GA331,,,,,16,1.0
393,393,Standard,2018-10-23,2018-11-20,Expired,20,0.03,TF638,,,,,12,28.0
394,394,Standard,2017-02-21,,Active,11,0.03,TV460,2022-12-26 09:18:12,14.0,19.0,59.0,4,
395,395,Standard,2018-04-01,,Active,27,0.01,WV549,2022-04-15 00:34:19,14.0,6.0,36.0,9,
396,396,Standard,2018-06-28,2018-07-24,Expired,41,0.01,SM907,,,,,35,26.0
397,397,Standard,2018-03-30,,Active,5,0.01,WH969,2022-10-07 14:55:24,4.0,30.0,42.0,0,
398,398,Loyalty,2018-08-22,,Active,459,0.04,VK400,2022-12-02 00:16:23,30.0,31.0,54.0,301,
399,399,Standard,2016-10-05,2017-02-25,Expired,18,0.03,KL288,,,,,16,143.0
400,400,Standard,2016-05-16,,Active,29,0.01,AM881,2022-10-21 13:59:53,1.0,15.0,22.0,20,
401,401,Standard,2017-10-05,,Active,31,0.02,QU744,2022-10-16 01:17:14,12.0,26.0,55.0,14,
402,402,Standard,2018-02-03,,Active,32,0.01,YR217,2022-10-01 01:46:13,15.0,9.0,46.0,2,
403,403,Standard,2022-03-11,,Active,9,0.03,TB522,2022-12-25 10:31:07,8.0,15.0,50.0,8,
404,404,Standard,2022-08-18,,Active,45,0.03,GC916,2022-09-21 13:33:46,4.0,9.0,31.0,20,
405,405,VIP,2015-03-01,,Active,882,0.05,HH535,2022-12-26 13:33:41,40.0,60.0,306.0,852,
406,406,Loyalty,2020-01-26,2020-02-26,Expired,327,0.05,RZ143,,,,,211,31.0
407,407,Loyalty,2018-08-02,,Active,108,0.04,YK485,2022-12-04 00:47:49,14.0,41.0,101.0,37,
408,408,Standard,2016-12-10,,Active,45,0.02,MO464,2022-11-03 04:34:56,2.0,3.0,55.0,27,
409,409,Loyalty,2022-04-11,,Active,232,0.04,LE776,2022-12-23 16:42:44,43.0,29.0,78.0,111,
410,410,Standard,2021-10-03,,Active,2,0.02,YG758,2022-07-21 21:24:22,8.0,12.0,29.0,1,
411,411,Standard,2016-08-10,,Active,3,0.02,ZJ195,2022-10-10 18:59:52,10.0,24.0,10.0,0,
412,412,Standard,2018-05-27,,Active,5,0.01,UK968,2022-09-03 10:04:20,1.0,12.0,4.0,5,
413,413,Loyalty,2021-01-08,,Active,265,0.04,DH288,2022-07-10 09:50:16,19.0,68.0,31.0,156,
414,414,Standard,2018-10-24,2018-11-15,Expired,10,0.02,MF929,,,,,5,22.0
415,415,Standard,2022-07-30,2022-08-15,Expired,83,0.03,BC401,,,,,71,16.0
416,416,Loyalty,2020-09-01,,Active,193,0.05,GL452,2022-12-14 00:21:18,7.0,10.0,26.0,58,
417,417,Loyalty,2013-03-17,,Active,297,0.03,JF152,2022-10-31 04:30:55,38.0,36.0,149.0,191,
418,418,Standard,2016-02-10,2016-02-17,Expired,60,0.03,EE127,,,,,32,7.0
419,419,Standard,2022-04-09,,Active,27,0.03,CO162,2022-12-06 12:51:55,9.0,27.0,27.0,23,
420,420,Loyalty,2019-04-09,,Active,225,0.03,PB195,2022-09-26 13:38:05,24.0,47.0,23.0,132,
421,421,Standard,2018-04-13,2018-04-20,Expired,17,0.02,OV939,,,,,14,7.0
422,422,Standard,2021-03-18,2021-03-24,Expired,38,0.01,DF418,,,,,36,6.0
423,423,Loyalty,2022-12-13,,Active,377,0.03,CQ315,2022-11-30 15:24:56,39.0,12.0,150.0,199,
424,424,Standard,2022-06-02,,Active,17,0.02,ZV655,2022-09-09 01:32:19,4.0,24.0,32.0,11,
425,425,Loyalty,2022-03-13,,Active,279,0.04,JG240,2022-10-11 05:58:07,5.0,51.0,144.0,98,
426,426,Standard,2020-05-31,2020-10-12,Expired,47,0.02,ZY901,,,,,44,134.0
427,427,Standard,2018-11-11,,Active,8,0.02,OR168,2022-11-10 02:55:40,16.0,15.0,40.0,6,
428,428,Standard,2020-02-20,,Active,24,0.02,SW318,2022-06-19 06:48:53,13.0,21.0,3.0,24,
429,429,Standard,2017-08-05,,Active,98,0.01,LX115,2022-11-16 05:47:38,16.0,22.0,60.0,13,
430,430,Standard,2018-12-09,,Active,14,0.02,XB400,2022-11-13 01:23:10,11.0,12.0,59.0,14,
431,431,Loyalty,2018-06-15,,Active,490,0.04,HA211,2022-12-24 18:39:07,3.0,68.0,44.0,363,
432,432,Loyalty,2022-12-22,,Active,461,0.05,EY800,2022-12-12 23:30:34,39.0,56.0,28.0,249,
433,433,Standard,2017-08-17,2017-09-07,Expired,22,0.01,ZN862,,,,,2,21.0
434,434,Standard,2022-04-20,2022-05-11,Expired,23,0.03,CI892,,,,,17,21.0
435,435,Standard,2016-11-04,,Active,32,0.02,AP778,2022-12-24 23:04:34,6.0,19.0,55.0,18,
436,436,Standard,2016-04-24,2016-05-11,Expired,30,0.01,OS191,,,,,22,17.0
437,437,Standard,2020-06-02,,Active,26,0.01,HC215,2022-12-29 01:23:03,4.0,15.0,16.0,23,
438,438,Standard,2021-07-15,2021-07-27,Expired,32,0.03,TF980,,,,,5,12.0
439,439,Standard,2018-11-18,,Active,21,0.01,LH538,2022-10-04 16:46:50,5.0,18.0,40.0,7,
440,440,Loyalty,2016-11-12,2018-05-23,Expired,296,0.04,KQ369,,,,,107,557.0
441,441,Standard,2018-05-10,,Active,35,0.01,DQ793,2022-10-16 09:16:20,11.0,30.0,35.0,18,
442,442,Standard,2021-12-30,,Active,57,0.01,SH260,2022-12-02 22:17:24,12.0,24.0,12.0,47,
443,443,Standard,2017-04-27,,Active,22,0.03,YK746,2022-11-17 11:50:25,3.0,1.0,1.0,1,
444,444,Standard,2021-11-18,,Active,13,0.03,HJ948,2022-12-27 17:16:34,18.0,7.0,47.0,2,
445,445,Standard,2021-01-16,2021-02-13,Expired,73,0.01,GT521,,,,,18,28.0
446,446,Standard,2017-11-28,,Active,42,0.01,TK387,2022-12-27 10:48:28,16.0,16.0,4.0,36,
447,447,Standard,2016-06-17,,Active,33,0.01,RG106,2022-11-29 09:45:44,8.0,17.0,56.0,24,
448,448,Standard,2017-02-03,,Active,8,0.02,RL968,2022-10-05 02:39:56,7.0,4.0,61.0,0,
449,449,Standard,2018-02-28,,Active,43,0.03,NJ260,2022-11-05 14:09:53,12.0,17.0,57.0,19,
450,450,Loyalty,2019-10-23,2020-02-07,Expired,199,0.05,BP201,,,,,64,107.0
451,451,Loyalty,2017-03-29,,Active,116,0.04,GQ214,2022-09-22 20:24:57,31.0,33.0,98.0,59,
452,452,Standard,2018-05-20,,Active,1,0.02,RE712,2022-06-30 20:25:16,14.0,2.0,33.0,0,
453,453,Standard,2021-04-23,,Active,25,0.03,QT761,2022-06-07 06:57:20,1.0,19.0,14.0,5,
454,454,Standard,2018-10-04,,Active,6,0.02,DE604,2022-02-28 02:34:49,10.0,2.0,57.0,5,
455,455,Standard,2016-02-18,2016-02-27,Expired,27,0.02,AQ211,,,,,19,9.0
456,456,Standard,2016-07-01,,Active,47,0.01,GQ672,2022-09-16 17:41:17,6.0,14.0,27.0,38,
457,457,Standard,2017-11-28,,Active,74,0.03,UI910,2022-12-26 11:45:47,14.0,28.0,57.0,20,
458,458,Standard,2016-11-26,,Active,64,0.01,QU999,2022-12-31 13:12:21,6.0,5.0,32.0,58,
459,459,Standard,2017-01-08,,Active,33,0.01,BR390,2022-09-24 22:12:17,13.0,16.0,8.0,5,
460,460,Standard,2018-09-02,2019-07-13,Expired,42,0.03,OG203,,,,,22,314.0
461,461,Standard,2017-08-14,,Active,14,0.03,BM716,2022-09-19 04:20:11,13.0,14.0,24.0,14,
462,462,Standard,2020-03-10,,Active,18,0.01,VW950,2022-07-21 09:16:32,7.0,25.0,57.0,13,
463,463,VIP,2022-02-15,,Active,862,0.07,GR501,2022-12-29 12:47:52,13.0,212.0,234.0,204,
464,464,Standard,2016-11-24,,Active,0,0.01,MP949,2022-11-15 16:22:55,16.0,22.0,4.0,0,
465,465,Standard,2018-07-18,2018-08-16,Expired,41,0.01,LD266,,,,,34,29.0
466,466,Standard,2018-07-19,,Active,11,0.03,EQ499,2022-12-18 16:52:45,2.0,31.0,13.0,11,
467,467,Standard,2022-11-17,2022-12-11,Expired,46,0.01,JI991,,,,,35,24.0
468,468,Standard,2018-06-21,,Active,15,0.01,EE295,2022-05-07 01:38:36,6.0,11.0,3.0,8,
469,469,Standard,2021-11-09,2022-02-12,Expired,96,0.01,ZX667,,,,,27,95.0
470,470,Standard,2016-06-05,,Active,82,0.01,FI181,2022-09-06 10:20:18,16.0,15.0,5.0,21,
471,471,Standard,2018-08-06,2018-09-02,Expired,6,0.03,DV824,,,,,2,27.0
472,472,Standard,2018-06-06,2018-06-26,Expired,51,0.01,JL207,,,,,23,20.0
473,473,Standard,2016-04-11,2016-04-25,Expired,19,0.01,QW730,,,,,11,14.0
474,474,Standard,2017-02-24,2017-02-27,Expired,15,0.02,MS405,,,,,15,3.0
475,475,Standard,2018-05-15,2018-05-22,Expired,20,0.02,TJ416,,,,,16,7.0
476,476,Standard,2017-06-05,2017-06-09,Expired,81,0.01,IR640,,,,,72,4.0
477,477,Standard,2017-12-16,,Active,20,0.02,KM697,2022-07-02 04:45:16,8.0,13.0,21.0,6,
478,478,Loyalty,2022-06-29,,Active,216,0.05,HW301,2022-12-17 17:44:40,35.0,26.0,11.0,102,
479,479,Standard,2018-07-10,,Active,31,0.01,WP375,2022-09-19 14:28:06,9.0,3.0,7.0,22,
480,480,Standard,2021-03-01,,Active,2,0.01,OX429,2022-12-19 12:09:28,9.0,15.0,51.0,0,
481,481,Standard,2018-02-16,,Active,3,0.03,JC283,2022-10-24 19:12:09,10.0,16.0,36.0,1,
482,482,Standard,2021-03-23,,Active,40,0.01,LA428,2022-09-17 21:29:33,1.0,14.0,15.0,28,
483,483,Standard,2017-02-17,,Active,34,0.01,VA132,2022-12-01 05:49:29,11.0,14.0,25.0,7,
484,484,Standard,2020-04-19,,Active,40,0.01,EC574,2022-10-03 21:02:48,10.0,14.0,34.0,18,
485,485,Standard,2018-10-07,2018-10-29,Expired,11,0.01,SI539,,,,,11,22.0
486,486,Standard,2018-08-24,,Active,18,0.02,SA176,2022-12-05 14:39:33,3.0,23.0,16.0,3,
487,487,Standard,2022-05-16,2022-06-11,Expired,30,0.01,DQ698,,,,,7,26.0
488,488,Standard,2016-05-13,2016-06-10,Expired,16,0.01,KF645,,,,,4,28.0
489,489,Standard,2018-12-13,,Active,83,0.02,TR823,2022-09-19 01:47:23,6.0,28.0,64.0,31,
490,490,Standard,2017-03-05,,Active,9,0.01,QR223,2022-10-17 11:00:08,12.0,26.0,60.0,5,
491,491,Standard,2016-02-04,,Active,27,0.01,KA568,2022-09-06 16:43:47,1.0,15.0,26.0,12,
492,492,Loyalty,2019-11-20,,Active,269,0.04,HO822,2022-09-16 09:31:01,20.0,26.0,158.0,45,
493,493,Loyalty,2014-06-27,,Active,331,0.04,PD863,2022-09-01 20:32:27,15.0,18.0,154.0,169,
494,494,Standard,2018-03-15,2018-04-10,Expired,13,0.03,GG354,,,,,0,26.0
495,495,Standard,2022-05-26,,Active,25,0.03,IZ164,2022-12-17 19:40:10,8.0,7.0,7.0,4,
496,496,Standard,2020-01-27,2020-02-08,Expired,17,0.01,NF621,,,,,10,12.0
497,497,Loyalty,2022-09-07,2023-07-30,Active,345,0.04,KU516,2022-09-03 23:53:37,13.0,58.0,148.0,100,326.0
498,498,Standard,2018-05-16,2018-05-23,Expired,29,0.01,JZ745,,,,,21,7.0
499,499,Standard,2022-05-10,,Active,19,0.03,YG452,2022-11-15 07:42:30,1.0,5.0,31.0,15,
500,500,Standard,2017-06-21,,Active,14,0.01,ER625,2022-10-17 23:10:47,7.0,6.0,13.0,11,
501,501,Standard,2016-10-27,2016-11-21,Expired,14,0.02,OA984,,,,,13,25.0
502,502,Loyalty,2022-02-15,,Active,312,0.04,BP186,2022-10-27 07:58:03,31.0,31.0,91.0,302,
503,503,Standard,2022-03-04,,Active,6,0.03,EC836,2022-09-17 00:51:07,4.0,29.0,30.0,5,
504,504,Standard,2017-10-06,,Active,17,0.03,KV688,2022-09-29 08:39:56,11.0,13.0,7.0,3,
505,505,Standard,2020-03-26,2020-08-25,Expired,13,0.03,MC687,,,,,13,152.0
506,506,Standard,2022-10-21,,Active,39,0.03,RC358,2022-11-15 08:01:49,8.0,4.0,37.0,19,
507,507,Loyalty,2018-09-27,,Active,158,0.05,RP436,2022-09-02 14:07:42,35.0,18.0,102.0,72,
508,508,Standard,2022-06-28,,Active,28,0.01,SZ793,2022-09-16 12:56:49,9.0,16.0,11.0,0,
509,509,Loyalty,2020-11-19,,Active,182,0.03,NG390,2022-12-05 23:08:18,15.0,28.0,68.0,103,
510,510,Loyalty,2019-01-19,,Active,372,0.04,KZ274,2022-12-11 05:47:32,37.0,59.0,142.0,181,
511,511,Standard,2016-11-11,2016-12-06,Expired,6,0.01,SW818,,,,,0,25.0
512,512,Standard,2016-04-27,2016-05-18,Expired,37,0.01,AE521,,,,,17,21.0
513,513,Standard,2017-06-12,,Active,72,0.02,DY477,2022-01-13 22:17:29,15.0,10.0,31.0,47,
514,514,Standard,2018-09-01,,Active,9,0.02,WB227,2022-12-31 10:13:45,7.0,5.0,36.0,8,
515,515,Standard,2021-12-17,2021-12-19,Expired,77,0.01,AW366,,,,,37,2.0
516,516,Standard,2020-11-05,,Active,0,0.01,NN808,2022-10-22 22:27:05,7.0,1.0,38.0,0,
517,517,Standard,2022-03-31,,Active,34,0.02,IF280,2022-11-06 22:27:36,1.0,19.0,13.0,12,
518,518,Standard,2022-07-08,2022-07-23,Expired,15,0.01,JN244,,,,,0,15.0
519,519,Standard,2022-08-23,,Active,37,0.02,EO526,2022-09-04 07:45:15,15.0,27.0,48.0,23,
520,520,Standard,2018-11-14,,Active,11,0.01,VY835,2022-12-10 22:57:18,6.0,19.0,52.0,0,
521,521,Standard,2020-06-21,,Active,66,0.01,EI415,2022-11-01 07:12:45,11.0,19.0,25.0,33,
522,522,Standard,2018-03-07,2018-03-26,Expired,10,0.01,NT472,,,,,5,19.0
523,523,Standard,2018-05-28,,Active,81,0.01,PD309,2022-06-02 13:24:24,2.0,19.0,41.0,53,
524,524,Standard,2018-07-04,,Active,26,0.03,EE200,2022-01-24 10:32:55,15.0,6.0,57.0,2,
525,525,Standard,2016-05-21,,Active,39,0.01,BN605,2022-11-17 22:12:24,14.0,19.0,17.0,6,
526,526,Standard,2017-08-02,2017-08-07,Expired,22,0.01,TJ491,,,,,3,5.0
527,527,Loyalty,2018-08-30,2019-05-25,Expired,257,0.03,MT804,,,,,195,268.0
528,528,Standard,2018-11-01,2018-11-18,Expired,16,0.01,SR330,,,,,12,17.0
529,529,Loyalty,2017-10-24,,Active,127,0.04,PI379,2022-12-29 06:57:51,14.0,70.0,88.0,126,
530,530,VIP,2022-01-21,,Active,779,0.1,GC284,2022-12-23 07:41:43,76.0,141.0,36.0,196,
531,531,Standard,2021-11-06,2021-11-24,Expired,19,0.01,AK761,,,,,7,18.0
532,532,Standard,2021-09-02,,Active,28,0.02,DL495,2022-09-18 10:38:32,5.0,31.0,15.0,18,
533,533,Standard,2018-05-28,,Active,8,0.02,BU966,2022-11-14 06:27:42,13.0,27.0,26.0,1,
534,534,Loyalty,2022-09-17,,Active,259,0.04,UW756,2022-09-19 09:02:00,28.0,17.0,112.0,108,
535,535,Loyalty,2017-08-09,,Active,382,0.04,EL296,2022-06-30 13:11:55,25.0,80.0,5.0,192,
536,536,Standard,2021-05-31,2021-06-06,Expired,10,0.03,TY986,,,,,2,6.0
537,537,Standard,2022-09-10,,Active,16,0.03,YO839,2022-09-26 11:01:18,2.0,12.0,48.0,14,
538,538,Standard,2017-11-13,,Active,16,0.01,YA149,2022-10-15 03:12:24,3.0,29.0,54.0,4,
539,539,Standard,2016-02-09,,Active,34,0.01,FH144,2022-09-29 16:45:34,11.0,9.0,49.0,31,
540,540,Standard,2017-12-25,,Active,13,0.01,QW849,2022-10-21 16:20:16,4.0,13.0,22.0,6,
541,541,Standard,2022-12-16,,Active,47,0.01,CW371,2022-12-07 18:18:29,7.0,14.0,14.0,35,
542,542,Standard,2017-05-05,,Active,1,0.01,CY261,2022-09-04 03:49:46,2.0,21.0,55.0,0,
543,543,Standard,2018-09-14,2018-09-18,Expired,55,0.03,WI467,,,,,47,4.0
544,544,Standard,2018-09-14,,Active,0,0.02,TF510,2022-10-08 21:11:47,7.0,8.0,9.0,0,
545,545,Standard,2022-12-31,,Active,25,0.01,XL259,2022-11-08 06:43:16,15.0,6.0,20.0,5,
546,546,Standard,2016-09-08,2016-09-13,Expired,79,0.02,US148,,,,,38,5.0
547,547,Standard,2016-04-26,2016-05-02,Expired,5,0.03,DL721,,,,,3,6.0
548,548,Standard,2021-09-05,,Active,33,0.03,BJ832,2022-11-03 08:11:36,7.0,24.0,43.0,25,
549,549,Loyalty,2022-09-19,,Active,322,0.05,SL130,2022-12-19 06:45:36,33.0,41.0,64.0,66,
550,550,Standard,2018-09-24,,Active,25,0.03,XC913,2022-09-27 06:01:39,12.0,11.0,48.0,18,
551,551,Standard,2021-05-01,,Active,43,0.02,XM422,2022-12-15 03:43:06,12.0,10.0,1.0,41,
552,552,Standard,2018-06-12,,Active,5,0.01,LL206,2022-11-18 01:32:33,8.0,12.0,54.0,0,
553,553,Standard,2017-04-17,,Active,17,0.03,CM824,2022-12-14 04:06:55,13.0,3.0,23.0,3,
554,554,Standard,2016-03-07,,Active,26,0.01,FM426,2022-02-22 06:36:31,17.0,4.0,10.0,20,
555,555,Standard,2021-03-23,,Active,11,0.03,BS125,2022-10-05 12:03:33,1.0,22.0,48.0,7,
556,556,Standard,2016-09-30,,Active,28,0.01,NA424,2022-11-07 12:43:00,6.0,6.0,37.0,9,
557,557,Standard,2022-12-07,,Active,10,0.01,NY753,2022-10-09 15:27:22,7.0,2.0,40.0,8,
558,558,Standard,2022-07-13,,Active,55,0.03,JV403,2022-11-04 08:11:41,8.0,3.0,20.0,43,
559,559,Standard,2022-02-19,,Active,24,0.03,NB545,2022-09-17 06:51:50,17.0,6.0,53.0,14,
560,560,Standard,2022-04-17,,Active,14,0.01,QL910,2022-11-04 10:35:45,9.0,30.0,3.0,4,
561,561,Standard,2018-04-03,2018-04-18,Expired,88,0.01,ST178,,,,,39,15.0
562,562,Loyalty,2018-01-16,,Active,442,0.03,OP995,2022-12-01 16:26:52,23.0,31.0,73.0,47,
563,563,Standard,2017-05-23,2017-06-06,Expired,43,0.02,YP488,,,,,18,14.0
564,564,Standard,2021-01-29,2021-05-04,Expired,9,0.03,OM670,,,,,1,95.0
565,565,Standard,2017-08-23,,Active,50,0.03,JT949,2022-09-06 05:45:38,2.0,25.0,18.0,16,
566,566,Standard,2017-06-02,,Active,67,0.01,YD998,2022-02-15 04:36:29,13.0,14.0,44.0,58,
567,567,Standard,2022-02-20,,Active,24,0.03,HY630,2022-11-15 07:31:29,1.0,25.0,55.0,17,
568,568,Standard,2022-06-11,,Active,10,0.02,LX273,2022-12-18 09:29:10,12.0,4.0,55.0,5,
569,569,Standard,2016-11-18,2016-12-08,Expired,1,0.01,WT481,,,,,1,20.0
570,570,Standard,2018-09-22,,Active,62,0.01,FQ225,2022-07-16 16:15:10,6.0,8.0,14.0,43,
571,571,Standard,2018-12-15,,Active,45,0.01,PL733,2022-09-19 22:08:11,15.0,20.0,24.0,2,
572,572,Loyalty,2016-10-12,,Active,366,0.03,CW637,2022-12-09 03:32:56,13.0,60.0,116.0,317,
573,573,Standard,2017-11-16,2017-11-27,Expired,74,0.02,FE876,,,,,44,11.0
574,574,Standard,2018-05-02,,Active,15,0.01,EJ545,2022-11-24 22:18:51,4.0,17.0,32.0,7,
575,575,Standard,2021-01-08,,Active,71,0.02,GR214,2022-10-21 12:39:07,9.0,13.0,55.0,69,
576,576,Standard,2021-01-11,,Active,4,0.01,EU694,2022-08-08 10:36:24,5.0,21.0,10.0,3,
577,577,Standard,2016-05-28,,Active,7,0.03,MV968,2022-07-03 03:43:19,5.0,20.0,51.0,7,
578,578,Loyalty,2015-07-08,,Active,350,0.04,CQ585,2022-11-24 08:38:44,7.0,60.0,77.0,184,
579,579,Standard,2018-06-12,2018-10-24,Expired,31,0.01,ZH109,,,,,0,134.0
580,580,Standard,2017-02-21,,Active,6,0.02,WE733,2022-09-18 15:29:24,6.0,11.0,56.0,3,
581,581,Standard,2018-04-20,,Active,84,0.01,HF985,2022-12-21 01:26:34,10.0,13.0,29.0,48,
582,582,Standard,2018-01-11,,Active,14,0.01,ZQ851,2022-11-15 18:30:38,16.0,31.0,58.0,9,
583,583,Standard,2020-02-18,,Active,11,0.03,MB574,2022-11-03 22:33:20,7.0,4.0,23.0,11,
584,584,Loyalty,2017-12-16,,Active,297,0.04,OE546,2022-11-19 09:39:07,29.0,71.0,108.0,53,
585,585,Loyalty,2022-03-14,2022-03-29,Expired,273,0.03,ZE739,,,,,227,15.0
586,586,Standard,2022-12-23,,Active,10,0.01,XT150,2022-08-25 12:51:18,10.0,22.0,14.0,5,
587,587,Standard,2021-04-06,,Active,38,0.01,CD926,2022-11-14 21:18:05,8.0,1.0,8.0,2,
588,588,Standard,2021-08-16,2021-08-25,Expired,14,0.03,TW270,,,,,13,9.0
589,589,Loyalty,2020-12-17,,Active,369,0.03,KF448,2022-12-20 08:11:19,24.0,31.0,81.0,243,
590,590,Standard,2016-09-02,,Active,31,0.02,YO760,2022-09-12 17:53:43,16.0,21.0,56.0,11,
591,591,Standard,2016-11-11,,Active,27,0.02,GK133,2022-08-09 20:08:05,16.0,20.0,32.0,12,
592,592,Standard,2018-11-04,,Active,29,0.03,OS148,2022-12-08 03:37:16,17.0,3.0,45.0,6,
593,593,Standard,2021-08-04,2021-08-10,Expired,30,0.02,XK670,,,,,7,6.0
594,594,Standard,2022-01-20,,Active,20,0.01,TB349,2022-12-28 10:11:43,12.0,8.0,39.0,19,
595,595,Standard,2017-09-29,,Active,34,0.02,YN545,2022-11-05 05:40:56,2.0,24.0,20.0,14,
596,596,Standard,2022-02-07,2022-04-28,Expired,23,0.01,PX673,,,,,0,80.0
597,597,Standard,2022-08-12,2022-08-20,Expired,75,0.01,XT483,,,,,5,8.0
598,598,Standard,2018-01-03,,Active,21,0.01,IZ452,2022-12-31 20:48:54,16.0,15.0,22.0,19,
599,599,Standard,2021-04-01,,Active,34,0.01,OL161,2022-10-02 07:30:44,13.0,5.0,30.0,22,
600,600,Loyalty,2015-10-08,,Active,149,0.03,WH156,2022-12-03 21:38:54,36.0,37.0,109.0,72,
601,601,Loyalty,2019-11-18,,Active,306,0.03,SU137,2022-12-22 16:00:48,48.0,28.0,80.0,208,
602,602,Standard,2016-12-21,,Active,44,0.02,LA966,2022-10-20 14:27:03,14.0,6.0,47.0,7,
603,603,Standard,2022-09-24,,Active,24,0.02,UV368,2022-11-11 05:36:56,4.0,5.0,4.0,1,
604,604,Standard,2020-10-25,,Active,45,0.01,HF683,2022-11-05 18:15:42,1.0,12.0,51.0,41,
605,605,Standard,2018-08-20,,Active,48,0.01,FZ520,2022-09-27 03:35:13,3.0,1.0,12.0,20,
606,606,Standard,2017-02-14,,Active,14,0.02,WA139,2022-06-28 07:47:43,10.0,7.0,5.0,4,
607,607,Standard,2016-01-23,2016-02-06,Expired,70,0.01,QF391,,,,,48,14.0
608,608,Standard,2017-08-11,,Active,38,0.02,RK759,2022-12-18 08:42:30,10.0,1.0,1.0,22,
609,609,Standard,2021-12-18,,Active,7,0.03,LJ578,2022-11-20 11:24:58,14.0,14.0,36.0,5,
610,610,Standard,2016-04-26,2016-05-20,Expired,3,0.01,ZD419,,,,,0,24.0
611,611,Standard,2018-07-31,2018-08-27,Expired,8,0.02,CX834,,,,,0,27.0
612,612,Standard,2017-12-04,2017-12-20,Expired,5,0.02,JT675,,,,,2,16.0
613,613,Standard,2016-06-06,2016-06-19,Expired,21,0.02,RH615,,,,,0,13.0
614,614,Standard,2021-06-12,,Active,13,0.01,BS292,2022-10-06 19:08:54,15.0,4.0,3.0,10,
615,615,Loyalty,2014-05-24,,Active,142,0.03,MD789,2022-08-04 17:02:09,11.0,15.0,62.0,120,
616,616,Standard,2021-02-16,,Active,29,0.01,RX470,2022-09-26 07:01:43,8.0,2.0,11.0,5,
617,617,Standard,2016-01-14,,Active,41,0.01,EQ476,2022-09-20 05:05:46,12.0,16.0,30.0,22,
618,618,Standard,2017-05-07,2017-05-22,Expired,19,0.03,LR974,,,,,12,15.0
619,619,Standard,2016-11-10,2016-12-02,Expired,33,0.01,CB779,,,,,9,22.0
620,620,VIP,2016-08-06,,Active,524,0.07,LI887,2022-12-13 03:39:25,170.0,140.0,99.0,467,
621,621,Standard,2018-04-12,,Active,18,0.01,ZQ993,2022-10-28 14:18:14,14.0,11.0,16.0,2,
622,622,Standard,2018-08-23,2018-09-06,Expired,17,0.03,AR968,,,,,0,14.0
623,623,Standard,2018-12-06,2018-12-15,Expired,26,0.02,WP771,,,,,21,9.0
624,624,Loyalty,2014-02-01,,Active,429,0.04,PD193,2022-11-17 11:39:21,28.0,79.0,143.0,341,
625,625,Standard,2020-07-11,,Active,26,0.01,KC728,2022-09-10 00:55:47,13.0,25.0,50.0,17,
626,626,Standard,2018-11-02,,Active,91,0.01,AQ483,2022-09-13 16:04:12,6.0,11.0,6.0,77,
627,627,Standard,2016-11-13,2016-12-09,Expired,44,0.01,GC183,,,,,42,26.0
628,628,Standard,2016-03-14,,Active,27,0.01,KU321,2022-11-30 12:38:26,9.0,24.0,24.0,25,
629,629,Loyalty,2020-11-25,,Active,181,0.05,BE317,2022-12-18 19:05:15,43.0,75.0,11.0,4,
630,630,Loyalty,2018-03-23,,Active,425,0.05,KN651,2022-07-06 15:51:09,9.0,39.0,123.0,315,
631,631,Standard,2018-01-14,2018-01-20,Expired,0,0.02,OC430,,,,,0,6.0
632,632,Standard,2018-08-21,,Active,18,0.02,GW265,2022-12-03 09:17:46,7.0,10.0,39.0,8,
633,633,Standard,2017-11-07,,Active,34,0.02,VU513,2022-12-02 21:33:32,5.0,21.0,60.0,11,
634,634,Standard,2022-07-20,2022-08-04,Expired,41,0.01,IW651,,,,,27,15.0
635,635,Standard,2021-04-15,,Active,35,0.01,TD122,2022-10-27 09:06:05,10.0,24.0,37.0,12,
636,636,Standard,2017-08-20,,Active,52,0.01,YA202,2022-09-19 03:40:32,13.0,22.0,16.0,20,
637,637,Standard,2016-04-04,,Active,11,0.02,KQ307,2022-08-31 06:42:10,6.0,4.0,13.0,6,
638,638,Standard,2016-04-03,,Active,25,0.02,ZL964,2022-09-15 12:32:35,11.0,22.0,29.0,5,
639,639,Standard,2021-03-19,,Active,14,0.03,MC877,2022-11-01 15:51:21,13.0,23.0,23.0,4,
640,640,Standard,2016-12-31,,Active,34,0.01,SB661,2022-10-01 02:44:09,7.0,27.0,23.0,4,
641,641,Standard,2022-07-27,2022-11-23,Expired,12,0.02,SJ349,,,,,8,119.0
642,642,Standard,2020-01-11,,Active,41,0.01,TF735,2022-07-22 04:08:04,11.0,27.0,59.0,21,
643,643,Standard,2018-10-14,2018-10-28,Expired,13,0.01,AE983,,,,,12,14.0
644,644,Standard,2018-12-09,,Active,16,0.03,QH705,2022-09-13 22:59:53,5.0,5.0,37.0,6,
645,645,Standard,2020-01-10,,Active,24,0.03,KO482,2022-10-24 17:44:20,8.0,1.0,27.0,10,
646,646,Loyalty,2022-02-19,2023-07-05,Active,405,0.05,KA710,2022-07-04 14:47:22,41.0,41.0,151.0,179,501.0
647,647,Standard,2018-10-28,,Active,23,0.01,DJ987,2022-11-24 02:59:34,10.0,30.0,12.0,22,
648,648,Standard,2020-04-22,2020-06-13,Expired,77,0.02,JJ259,,,,,62,52.0
649,649,Loyalty,2019-04-03,2020-05-07,Expired,375,0.04,XN452,,,,,218,400.0
650,650,Standard,2017-01-05,,Active,48,0.01,SL422,2022-10-26 20:06:17,7.0,6.0,23.0,3,
651,651,Standard,2017-09-06,2017-09-13,Expired,45,0.03,PJ194,,,,,23,7.0
652,652,Standard,2020-06-24,2020-07-10,Expired,9,0.01,UH435,,,,,6,16.0
653,653,Standard,2016-04-27,2016-05-16,Expired,59,0.01,TN393,,,,,44,19.0
654,654,Standard,2016-06-10,,Active,31,0.01,OB761,2022-11-07 14:05:12,11.0,8.0,31.0,18,
655,655,Loyalty,2018-02-21,,Active,397,0.04,CW649,2022-12-26 07:54:50,3.0,11.0,46.0,378,
656,656,Standard,2021-03-17,,Active,19,0.01,WY847,2022-05-25 08:10:12,17.0,25.0,42.0,0,
657,657,Standard,2021-04-03,,Active,21,0.03,AU483,2022-10-25 01:08:31,2.0,7.0,52.0,15,
658,658,Standard,2018-09-08,2018-10-07,Expired,34,0.03,HB554,,,,,7,29.0
659,659,Standard,2018-06-17,,Active,10,0.02,PY522,2022-10-17 20:46:43,9.0,18.0,40.0,1,
660,660,Loyalty,2017-04-07,,Active,351,0.04,XA390,2022-12-07 14:30:22,34.0,10.0,159.0,135,
661,661,Standard,2021-04-13,2021-04-27,Expired,47,0.02,KQ826,,,,,9,14.0
662,662,Standard,2016-08-30,,Active,38,0.02,TF101,2022-07-25 05:45:33,5.0,23.0,16.0,31,
663,663,Loyalty,2016-07-10,2018-01-22,Expired,177,0.03,JA859,,,,,26,561.0
664,664,Standard,2018-01-21,,Active,28,0.01,ZR901,2022-10-29 20:39:23,5.0,24.0,2.0,20,
665,665,Standard,2022-08-17,,Active,30,0.03,NY704,2022-09-21 22:35:45,15.0,10.0,28.0,13,
666,666,Standard,2020-01-27,,Active,23,0.02,CB883,2022-09-02 04:16:15,3.0,10.0,7.0,3,
667,667,Standard,2022-05-11,,Active,25,0.01,EJ395,2022-10-20 06:21:48,14.0,14.0,34.0,14,
668,668,Standard,2017-03-21,,Active,61,0.03,WQ407,2022-03-12 23:58:04,9.0,18.0,26.0,25,
669,669,Standard,2022-08-16,2022-08-30,Expired,24,0.01,PR374,,,,,15,14.0
670,670,Standard,2018-04-08,,Active,7,0.01,HK865,2022-09-24 07:46:03,17.0,7.0,17.0,2,
671,671,Standard,2020-10-01,,Active,1,0.01,RX848,2022-12-29 16:13:46,14.0,1.0,26.0,0,
672,672,Standard,2022-09-07,,Active,34,0.02,UV608,2022-09-29 00:23:55,13.0,9.0,37.0,14,
673,673,Loyalty,2020-05-10,,Active,145,0.03,DU970,2022-09-08 08:37:25,42.0,5.0,56.0,70,
674,674,Standard,2021-01-09,2021-01-24,Expired,1,0.01,CW180,,,,,1,15.0
675,675,Standard,2022-07-24,,Active,59,0.03,RY363,2022-12-18 16:25:24,6.0,28.0,8.0,27,
676,676,Standard,2020-10-11,,Active,23,0.01,KC379,2022-11-09 05:12:16,5.0,18.0,26.0,7,
677,677,Standard,2022-03-17,,Active,32,0.03,ZC681,2022-11-24 15:17:08,11.0,31.0,17.0,3,
678,678,Standard,2017-06-29,,Active,30,0.01,RI971,2022-06-25 17:41:33,1.0,27.0,36.0,20,
679,679,Standard,2016-10-13,,Active,20,0.01,YP839,2022-11-14 17:07:19,13.0,1.0,28.0,15,
680,680,Standard,2020-07-22,2021-05-09,Expired,13,0.01,NC927,,,,,1,291.0
681,681,Loyalty,2019-08-02,,Active,386,0.04,LN353,2022-12-06 03:32:46,5.0,4.0,83.0,178,
682,682,Standard,2018-04-27,,Active,18,0.01,FN982,2022-12-19 21:00:14,2.0,25.0,25.0,11,
683,683,Standard,2022-08-29,,Active,17,0.01,LO695,2022-12-28 16:38:41,11.0,14.0,59.0,14,
684,684,Standard,2018-04-24,,Active,40,0.01,KK486,2022-11-27 05:02:59,10.0,30.0,58.0,11,
685,685,Standard,2022-11-20,,Active,18,0.02,NN568,2022-11-02 03:29:07,7.0,24.0,53.0,10,
686,686,Standard,2020-07-09,,Active,56,0.02,CK875,2022-10-04 21:24:43,13.0,10.0,15.0,0,
687,687,Standard,2017-06-14,,Active,52,0.01,HZ321,2022-11-05 17:30:44,1.0,14.0,41.0,21,
688,688,Standard,2022-01-17,,Active,6,0.02,VI542,2022-12-13 01:57:55,2.0,28.0,40.0,6,
689,689,Standard,2017-02-18,,Active,43,0.03,SD335,2022-12-16 07:17:33,4.0,26.0,22.0,0,
690,690,Loyalty,2019-06-26,,Active,216,0.05,SN732,2022-12-07 03:49:24,28.0,56.0,115.0,171,
691,691,Standard,2018-05-12,,Active,27,0.02,KF209,2022-09-09 19:28:00,4.0,6.0,10.0,9,
692,692,Loyalty,2020-03-12,,Active,475,0.04,SH494,2022-12-05 06:56:26,24.0,40.0,77.0,229,
693,693,Standard,2021-04-13,,Active,35,0.03,RW661,2022-06-15 00:19:03,13.0,28.0,43.0,30,
694,694,Standard,2016-08-27,,Active,8,0.03,XE439,2022-09-13 17:50:49,4.0,30.0,60.0,6,
695,695,Standard,2021-11-12,2021-11-26,Expired,16,0.01,FT197,,,,,8,14.0
696,696,Standard,2017-01-20,2017-02-03,Expired,10,0.01,OY855,,,,,9,14.0
697,697,Standard,2016-04-22,,Active,12,0.03,YN639,2022-12-09 23:17:43,6.0,30.0,11.0,8,
698,698,Loyalty,2022-10-18,,Active,254,0.03,MJ628,2022-12-25 07:00:56,36.0,60.0,51.0,26,
699,699,Standard,2021-02-18,,Active,16,0.03,ZU632,2022-10-04 12:38:02,11.0,2.0,1.0,12,
700,700,Standard,2020-05-28,,Active,30,0.02,FB474,2022-06-26 13:38:49,6.0,16.0,49.0,22,
701,701,Standard,2018-01-20,,Active,9,0.03,VP189,2022-08-14 21:46:56,12.0,19.0,61.0,6,
702,702,Loyalty,2015-01-03,,Active,380,0.04,BD337,2022-12-28 04:36:48,20.0,38.0,34.0,322,
703,703,Standard,2022-06-07,2022-06-27,Expired,22,0.02,AW752,,,,,1,20.0
704,704,Standard,2017-08-26,2017-09-03,Expired,7,0.01,QU690,,,,,6,8.0
705,705,Loyalty,2013-01-28,,Active,252,0.04,SL480,2022-11-28 13:14:12,7.0,18.0,127.0,110,
706,706,Standard,2018-07-14,2018-07-27,Expired,17,0.02,BT610,,,,,2,13.0
707,707,Loyalty,2020-03-02,,Active,276,0.04,TY849,2022-12-03 11:47:09,7.0,44.0,30.0,101,
708,708,Standard,2021-01-13,,Active,17,0.02,GB381,2022-09-12 02:46:17,10.0,2.0,27.0,8,
709,709,Standard,2016-10-08,,Active,61,0.02,LG853,2022-12-04 15:06:35,12.0,17.0,3.0,60,
710,710,Standard,2022-05-01,,Active,5,0.02,CL260,2022-10-11 14:10:45,5.0,23.0,1.0,1,
711,711,Standard,2021-01-15,,Active,50,0.01,KR404,2022-10-18 13:53:59,3.0,23.0,16.0,41,
712,712,Loyalty,2013-09-18,,Active,475,0.05,SV645,2022-12-01 17:58:08,33.0,74.0,111.0,128,
713,713,Loyalty,2020-03-16,,Active,129,0.04,UF467,2022-12-25 00:30:26,18.0,54.0,61.0,94,
714,714,Standard,2018-12-12,,Active,27,0.03,LZ208,2022-09-12 13:29:24,11.0,7.0,31.0,12,
715,715,Loyalty,2018-02-08,,Active,157,0.03,AH489,2022-11-30 16:21:45,36.0,51.0,40.0,135,
716,716,Standard,2022-02-11,,Active,9,0.03,GI371,2022-09-22 04:49:20,5.0,4.0,45.0,3,
717,717,Standard,2021-03-22,,Active,2,0.01,MV307,2022-12-13 22:06:38,17.0,11.0,12.0,1,
718,718,Standard,2021-08-27,,Active,32,0.01,BY852,2022-11-26 17:34:49,10.0,20.0,7.0,30,
719,719,Standard,2018-03-08,,Active,28,0.03,QX690,2022-10-14 06:22:39,6.0,28.0,31.0,18,
720,720,Standard,2018-10-29,2019-04-25,Expired,16,0.01,VJ412,,,,,10,178.0
721,721,Standard,2017-06-18,2017-07-18,Expired,5,0.03,FK665,,,,,4,30.0
722,722,Standard,2020-02-06,,Active,19,0.01,XQ809,2022-06-14 08:59:38,11.0,7.0,50.0,10,
723,723,Standard,2016-01-22,,Active,23,0.01,CP486,2022-11-19 11:32:18,13.0,10.0,43.0,14,
724,724,Loyalty,2022-01-02,,Active,227,0.04,HN909,2022-12-13 12:03:25,3.0,57.0,138.0,181,
725,725,Standard,2016-01-24,,Active,2,0.03,HB902,2022-11-24 12:23:26,15.0,17.0,58.0,0,
726,726,Standard,2021-11-14,,Active,5,0.02,CN893,2022-11-09 07:14:23,5.0,2.0,36.0,5,
727,727,Standard,2017-01-03,,Active,29,0.01,PW432,2022-12-26 14:25:17,8.0,23.0,15.0,5,
728,728,Standard,2021-10-16,,Active,60,0.01,TH282,2022-11-18 16:14:02,5.0,21.0,59.0,48,
729,729,Standard,2018-02-01,,Active,31,0.01,MH270,2022-12-04 10:28:38,10.0,17.0,54.0,3,
730,730,Standard,2020-01-11,,Active,21,0.01,DL532,2022-03-29 05:07:50,5.0,17.0,15.0,7,
731,731,Standard,2016-08-07,,Active,38,0.01,VQ232,2022-11-29 16:32:11,13.0,22.0,60.0,28,
732,732,Standard,2018-12-09,,Active,25,0.01,PD528,2022-06-22 08:31:54,14.0,20.0,18.0,19,
733,733,Loyalty,2021-10-20,,Active,110,0.04,KG586,2022-12-26 18:29:55,43.0,3.0,139.0,28,
734,734,Standard,2018-03-28,,Active,27,0.03,YL252,2022-09-30 06:01:16,2.0,14.0,8.0,7,
735,735,Standard,2017-10-27,,Active,22,0.01,TB133,2022-12-24 20:46:54,7.0,12.0,5.0,18,
736,736,Standard,2022-08-30,,Active,2,0.01,FQ852,2022-11-20 05:11:29,10.0,19.0,46.0,1,
737,737,Standard,2018-11-30,,Active,28,0.01,QF135,2022-03-03 12:39:57,13.0,15.0,54.0,25,
738,738,Standard,2017-01-23,,Active,32,0.01,IA363,2022-12-08 07:23:31,2.0,7.0,20.0,2,
739,739,Loyalty,2013-03-23,,Active,232,0.05,IJ737,2022-10-06 03:21:51,17.0,36.0,83.0,167,
740,740,Loyalty,2017-06-07,,Active,176,0.03,JI701,2022-12-20 20:39:08,5.0,78.0,115.0,128,
741,741,Standard,2018-02-08,2018-02-19,Expired,20,0.02,TL448,,,,,20,11.0
742,742,Standard,2020-03-16,2020-04-03,Expired,0,0.01,CM571,,,,,0,18.0
743,743,Standard,2018-05-11,,Active,19,0.03,VM338,2022-12-20 15:33:10,1.0,10.0,36.0,12,
744,744,Standard,2022-04-13,,Active,26,0.01,IZ126,2022-10-11 06:56:11,7.0,7.0,39.0,5,
745,745,Loyalty,2018-02-02,,Active,239,0.04,EY484,2022-09-06 19:51:24,2.0,12.0,13.0,153,
746,746,Standard,2017-02-22,2017-03-13,Expired,45,0.01,NL470,,,,,11,19.0
747,747,Standard,2018-05-30,,Active,36,0.03,OX931,2022-09-18 12:40:57,9.0,28.0,17.0,20,
748,748,Standard,2018-08-02,,Active,18,0.01,MP432,2022-09-05 06:37:54,16.0,16.0,35.0,3,
749,749,Standard,2018-07-16,,Active,22,0.01,YR975,2022-09-22 21:00:38,15.0,19.0,50.0,6,
750,750,Standard,2022-04-19,,Active,19,0.01,PV632,2022-11-05 16:15:34,11.0,15.0,63.0,18,
751,751,Standard,2022-01-20,,Active,41,0.01,MU308,2022-10-11 06:14:28,3.0,6.0,40.0,18,
752,752,Standard,2021-10-08,2021-10-15,Expired,38,0.01,XN238,,,,,28,7.0
753,753,Standard,2017-06-30,2017-07-08,Expired,75,0.03,XI449,,,,,73,8.0
754,754,Loyalty,2018-05-19,,Active,221,0.04,QM129,2022-12-30 02:01:59,24.0,33.0,137.0,196,
755,755,Loyalty,2020-05-09,,Active,339,0.03,YG542,2022-11-25 04:09:18,24.0,26.0,116.0,156,
756,756,Standard,2018-07-10,,Active,20,0.03,DW801,2022-06-16 16:32:42,5.0,8.0,40.0,17,
757,757,Standard,2017-09-27,,Active,48,0.03,DX871,2022-12-10 04:45:09,16.0,25.0,12.0,8,
758,758,Standard,2021-05-14,,Active,11,0.02,QD261,2022-09-20 19:48:17,8.0,21.0,1.0,11,
759,759,Standard,2018-05-28,,Active,6,0.01,EW486,2022-11-13 18:02:32,7.0,14.0,27.0,2,
760,760,Standard,2018-03-04,,Active,61,0.03,OG972,2022-12-20 11:59:42,7.0,8.0,12.0,13,
761,761,Standard,2018-09-23,,Active,12,0.01,GP845,2022-10-28 20:50:36,12.0,8.0,26.0,0,
762,762,Standard,2018-12-16,,Active,46,0.01,RQ229,2022-12-15 22:43:49,6.0,14.0,13.0,8,
763,763,Loyalty,2022-01-22,,Active,400,0.03,OY844,2022-12-02 01:57:53,15.0,41.0,117.0,265,
764,764,Standard,2020-05-30,2020-06-05,Expired,24,0.03,NU458,,,,,4,6.0
765,765,Standard,2020-01-11,2020-07-22,Expired,14,0.01,VH864,,,,,2,193.0
766,766,Standard,2020-10-09,,Active,2,0.01,YN756,2022-11-21 08:30:35,10.0,23.0,15.0,2,
767,767,Standard,2020-12-20,,Active,38,0.02,BM941,2022-11-20 19:50:30,1.0,9.0,62.0,8,
768,768,Standard,2022-02-02,2022-02-20,Expired,85,0.01,JL269,,,,,30,18.0
769,769,Standard,2022-04-21,,Active,21,0.02,ZE401,2022-09-05 04:01:43,14.0,20.0,52.0,17,
770,770,Loyalty,2022-08-20,,Active,173,0.04,IU840,2022-12-04 00:36:39,15.0,39.0,155.0,32,
771,771,Standard,2018-06-05,,Active,48,0.03,OL220,2022-01-17 12:42:28,12.0,24.0,31.0,36,
772,772,Standard,2018-09-24,2018-10-07,Expired,31,0.03,NL429,,,,,26,13.0
773,773,VIP,2016-08-21,,Active,737,0.07,JN639,2022-12-19 17:02:52,36.0,152.0,35.0,214,
774,774,Standard,2020-10-04,2020-11-17,Expired,48,0.02,UU699,,,,,10,44.0
775,775,Loyalty,2020-04-08,,Active,113,0.04,LK192,2022-11-28 20:21:26,17.0,57.0,119.0,75,
776,776,Loyalty,2022-09-17,,Active,159,0.04,KS390,2022-12-19 00:40:31,37.0,44.0,126.0,58,
777,777,Standard,2016-09-06,,Active,16,0.01,WY817,2022-09-13 21:43:39,12.0,17.0,38.0,5,
778,778,Loyalty,2021-07-13,,Active,212,0.04,GQ799,2022-11-03 02:16:31,40.0,65.0,28.0,123,
779,779,Standard,2021-11-27,,Active,6,0.03,UF794,2022-08-15 08:38:43,4.0,23.0,12.0,6,
780,780,Standard,2017-08-01,,Active,13,0.01,LN343,2022-09-04 05:31:13,10.0,15.0,47.0,13,
781,781,Loyalty,2021-07-19,,Active,263,0.03,OH421,2022-09-21 01:56:31,5.0,17.0,45.0,36,
782,782,Standard,2021-06-13,2021-07-07,Expired,44,0.01,UA505,,,,,24,24.0
783,783,Standard,2021-02-20,2021-03-04,Expired,27,0.02,PH615,,,,,17,12.0
784,784,Standard,2022-12-26,,Active,9,0.03,NQ432,2022-09-15 17:07:12,2.0,11.0,47.0,6,
785,785,Standard,2018-09-24,,Active,7,0.03,XI847,2022-09-10 14:20:38,2.0,20.0,55.0,6,
786,786,Standard,2016-03-04,,Active,8,0.01,KL830,2022-09-20 00:07:56,11.0,7.0,30.0,0,
787,787,Standard,2017-02-24,,Active,2,0.03,MP805,2022-11-09 01:53:48,9.0,13.0,36.0,1,
788,788,Standard,2018-06-29,2018-07-01,Expired,31,0.03,EN801,,,,,13,2.0
789,789,Standard,2016-01-02,,Active,28,0.02,YH744,2022-09-10 19:53:29,12.0,30.0,27.0,14,
790,790,Standard,2016-01-24,,Active,72,0.01,QZ497,2022-10-24 13:11:27,12.0,11.0,9.0,16,
791,791,Standard,2018-01-27,2018-02-22,Expired,24,0.03,FS245,,,,,11,26.0
792,792,Standard,2016-07-28,,Active,3,0.03,TA169,2022-10-23 04:22:34,10.0,18.0,39.0,0,
793,793,Standard,2016-12-08,2016-12-10,Expired,0,0.02,ZA200,,,,,0,2.0
794,794,Standard,2022-01-28,2022-02-04,Expired,33,0.01,OM766,,,,,22,7.0
795,795,Standard,2017-12-10,,Active,28,0.03,IG395,2022-07-18 20:16:01,9.0,29.0,11.0,9,
796,796,Loyalty,2021-01-12,,Active,394,0.04,OC973,2022-06-10 16:31:12,43.0,40.0,20.0,281,
797,797,Standard,2018-12-01,,Active,37,0.02,EI908,2022-08-03 17:40:00,7.0,14.0,18.0,15,
798,798,Loyalty,2022-05-02,,Active,168,0.03,DD769,2022-11-12 11:12:06,31.0,75.0,159.0,26,
799,799,Standard,2018-04-03,,Active,31,0.02,LY733,2022-11-21 06:30:42,2.0,7.0,15.0,22,
800,800,Loyalty,2022-03-14,,Active,201,0.04,KY101,2022-07-26 09:41:21,13.0,34.0,134.0,45,
801,801,Standard,2022-03-21,,Active,18,0.01,IG339,2022-12-03 22:16:49,11.0,1.0,60.0,15,
802,802,Standard,2020-04-20,,Active,7,0.03,MY788,2022-10-11 02:31:04,5.0,19.0,24.0,6,
803,803,Standard,2017-06-13,,Active,68,0.01,KS236,2022-12-14 01:50:23,14.0,23.0,38.0,68,
804,804,Standard,2016-08-09,,Active,29,0.01,RR498,2022-09-29 22:29:36,6.0,7.0,27.0,27,
805,805,Standard,2022-06-29,,Active,28,0.01,FE451,2022-10-19 06:26:32,1.0,29.0,56.0,14,
806,806,Standard,2017-07-27,,Active,7,0.01,OZ432,2022-09-02 17:28:14,7.0,1.0,46.0,6,
807,807,Standard,2017-01-18,2017-02-17,Expired,15,0.02,ZI695,,,,,15,30.0
808,808,Standard,2017-02-25,2017-03-07,Expired,85,0.03,NR191,,,,,20,10.0
809,809,Standard,2018-12-04,,Active,16,0.03,WV448,2022-07-18 22:21:49,16.0,10.0,15.0,12,
810,810,Standard,2022-09-26,,Active,38,0.03,MF876,2022-11-07 04:17:17,12.0,1.0,23.0,13,
811,811,Standard,2016-12-24,,Active,25,0.03,VU480,2022-08-01 21:02:35,16.0,19.0,46.0,11,
812,812,Standard,2017-11-08,,Active,21,0.01,XY196,2022-10-05 11:13:59,6.0,2.0,9.0,7,
813,813,Loyalty,2016-07-23,,Active,333,0.04,OO102,2022-10-13 07:34:04,8.0,5.0,64.0,95,
814,814,Standard,2022-08-26,,Active,60,0.02,PQ747,2022-09-07 20:53:02,9.0,26.0,12.0,20,
815,815,Standard,2021-10-15,,Active,65,0.02,VG521,2022-09-07 14:02:13,7.0,1.0,4.0,12,
816,816,Standard,2016-09-26,2016-10-18,Expired,47,0.02,AX261,,,,,37,22.0
817,817,Standard,2017-04-02,,Active,10,0.03,AR777,2022-09-13 08:21:20,5.0,7.0,31.0,4,
818,818,Loyalty,2022-11-06,2023-10-16,Active,176,0.05,NI506,2022-09-24 05:10:28,29.0,50.0,33.0,99,344.0
819,819,Standard,2016-02-16,2016-03-09,Expired,14,0.01,EY234,,,,,8,22.0
820,820,Standard,2016-12-27,2016-12-28,Expired,94,0.03,CF633,,,,,1,1.0
821,821,Standard,2018-11-09,2018-11-22,Expired,43,0.02,AP548,,,,,4,13.0
822,822,Standard,2018-06-18,,Active,39,0.01,QK815,2022-10-21 09:30:06,1.0,19.0,26.0,23,
823,823,Standard,2016-07-23,2016-08-17,Expired,26,0.01,JZ423,,,,,7,25.0
824,824,Standard,2022-09-06,,Active,8,0.01,FB404,2022-12-27 10:02:39,2.0,6.0,40.0,5,
825,825,Standard,2016-02-05,,Active,17,0.01,HM343,2022-02-10 04:52:38,9.0,7.0,58.0,15,
826,826,Loyalty,2019-04-27,,Active,432,0.03,RD697,2022-12-27 20:44:11,41.0,25.0,153.0,185,
827,827,Standard,2020-01-06,,Active,5,0.02,NL686,2022-10-27 11:00:30,1.0,1.0,10.0,2,
828,828,Standard,2017-09-25,,Active,25,0.03,BL622,2022-11-05 02:56:18,12.0,24.0,9.0,0,
829,829,Standard,2016-03-26,2016-03-30,Expired,21,0.01,CH221,,,,,9,4.0
830,830,Standard,2016-12-14,2016-12-21,Expired,34,0.02,RG716,,,,,25,7.0
831,831,Standard,2018-12-01,2018-12-11,Expired,14,0.02,FI675,,,,,5,10.0
832,832,Standard,2018-05-10,,Active,49,0.01,XM314,2022-10-08 17:22:44,5.0,29.0,28.0,46,
833,833,Standard,2020-05-15,2020-06-03,Expired,48,0.03,VW175,,,,,1,19.0
834,834,Standard,2021-04-17,,Active,20,0.03,NJ779,2022-06-23 05:39:09,4.0,15.0,42.0,11,
835,835,Standard,2016-02-03,,Active,13,0.01,ED692,2022-12-07 12:58:35,1.0,27.0,57.0,10,
836,836,Loyalty,2018-09-30,,Active,197,0.04,ZE982,2022-08-26 23:03:09,30.0,49.0,148.0,197,
837,837,Standard,2021-04-18,2021-04-26,Expired,22,0.03,EW295,,,,,5,8.0
838,838,Standard,2022-01-08,,Active,66,0.02,NP242,2022-11-12 17:32:14,3.0,13.0,40.0,58,
839,839,Standard,2018-02-28,,Active,31,0.02,LM594,2022-10-23 23:10:24,2.0,20.0,46.0,28,
840,840,Standard,2016-04-29,,Active,3,0.03,MO445,2022-09-30 18:30:41,15.0,17.0,24.0,1,
841,841,Loyalty,2022-07-09,,Active,393,0.04,ZB505,2022-11-21 20:35:17,22.0,53.0,149.0,361,
842,842,Loyalty,2021-05-21,2021-11-04,Expired,264,0.04,ML563,,,,,223,167.0
843,843,Standard,2018-12-07,,Active,41,0.03,FM402,2022-10-28 04:09:59,12.0,5.0,7.0,4,
844,844,Standard,2022-07-22,,Active,15,0.02,UQ529,2022-12-21 16:13:06,3.0,29.0,27.0,13,
845,845,Standard,2022-04-29,2022-05-01,Expired,27,0.01,AP138,,,,,14,2.0
846,846,Standard,2017-10-08,2017-10-21,Expired,16,0.03,OR188,,,,,11,13.0
847,847,Standard,2017-08-17,,Active,42,0.01,PK280,2022-09-07 07:16:03,11.0,22.0,25.0,20,
848,848,Standard,2017-06-08,2017-06-19,Expired,22,0.02,YQ743,,,,,8,11.0
849,849,Standard,2018-07-15,,Active,23,0.02,OX309,2022-10-22 03:34:53,13.0,1.0,41.0,4,
850,850,Loyalty,2013-09-03,,Active,329,0.05,IJ833,2022-12-05 18:05:02,23.0,53.0,64.0,312,
851,851,Loyalty,2020-12-01,2021-11-20,Expired,306,0.03,WN662,,,,,128,354.0
852,852,Loyalty,2020-03-08,,Active,207,0.05,PK297,2022-12-16 07:35:19,6.0,3.0,58.0,39,
853,853,Standard,2017-11-03,,Active,29,0.02,TD719,2022-11-26 02:08:35,11.0,22.0,20.0,24,
854,854,Standard,2017-06-15,2017-07-15,Expired,27,0.03,RA545,,,,,13,30.0
855,855,Standard,2020-10-24,,Active,20,0.01,QC613,2022-08-09 19:48:13,15.0,11.0,48.0,20,
856,856,Standard,2022-11-09,2022-11-11,Expired,42,0.01,FO518,,,,,31,2.0
857,857,Standard,2022-02-02,,Active,98,0.01,RN488,2022-10-30 14:29:48,1.0,3.0,22.0,4,
858,858,Standard,2016-08-31,,Active,22,0.03,VO971,2022-11-19 13:27:43,13.0,26.0,52.0,5,
859,859,Standard,2016-08-19,2016-09-02,Expired,28,0.01,DC442,,,,,11,14.0
860,860,Standard,2016-12-03,2016-12-19,Expired,35,0.02,YA224,,,,,1,16.0
861,861,Standard,2017-01-18,2017-02-02,Expired,4,0.02,VM213,,,,,3,15.0
862,862,Loyalty,2018-04-12,2020-09-22,Expired,347,0.03,PO954,,,,,32,894.0
863,863,Standard,2017-07-16,2017-08-26,Expired,86,0.03,ZT986,,,,,50,41.0
864,864,Standard,2021-10-20,,Active,36,0.01,JE860,2022-12-16 20:58:08,1.0,28.0,16.0,29,
865,865,Standard,2016-05-28,,Active,8,0.01,SS650,2022-11-02 22:46:11,5.0,9.0,57.0,0,
866,866,Standard,2018-06-17,,Active,4,0.03,ER483,2022-12-29 13:53:32,15.0,14.0,9.0,2,
867,867,Standard,2017-10-09,,Active,44,0.01,JJ336,2022-10-04 01:53:55,5.0,23.0,61.0,26,
868,868,Standard,2018-11-19,2018-12-19,Expired,23,0.02,GS433,,,,,13,30.0
869,869,Loyalty,2022-03-27,,Active,190,0.03,SI417,2022-12-18 18:22:04,30.0,20.0,125.0,158,
870,870,Standard,2016-03-12,,Active,26,0.01,MY644,2022-12-03 06:31:05,9.0,20.0,16.0,16,
871,871,Standard,2016-11-27,,Active,43,0.03,KR363,2022-09-01 04:40:12,11.0,17.0,9.0,21,
872,872,Standard,2016-02-13,,Active,0,0.02,EH384,2022-10-09 13:45:37,8.0,7.0,54.0,0,
873,873,Standard,2017-04-03,2017-04-10,Expired,31,0.02,HT598,,,,,2,7.0
874,874,Loyalty,2014-08-09,2016-10-21,Expired,282,0.05,IN567,,,,,145,804.0
875,875,Loyalty,2020-10-14,,Active,339,0.05,WP544,2022-07-01 21:03:57,21.0,37.0,145.0,84,
876,876,Standard,2022-10-15,2022-11-03,Expired,40,0.01,SQ372,,,,,30,19.0
877,877,Standard,2017-06-03,,Active,24,0.03,VH777,2022-09-24 08:07:48,8.0,23.0,6.0,6,
878,878,Standard,2018-12-24,,Active,20,0.03,HV943,2022-09-14 09:00:06,10.0,16.0,56.0,7,
879,879,Standard,2021-09-13,,Active,16,0.03,UF542,2022-11-26 15:38:15,3.0,14.0,3.0,4,
880,880,Standard,2022-01-21,,Active,31,0.01,PS736,2022-12-02 23:18:01,13.0,2.0,20.0,9,
881,881,Standard,2017-07-04,,Active,25,0.01,GI564,2022-09-19 06:05:32,2.0,10.0,51.0,15,
882,882,Loyalty,2020-12-29,,Active,353,0.04,LW454,2022-12-05 12:31:21,6.0,67.0,14.0,113,
883,883,Standard,2022-01-06,2022-01-15,Expired,34,0.03,QI465,,,,,2,9.0
884,884,Standard,2020-09-22,2020-10-15,Expired,48,0.01,KB450,,,,,22,23.0
885,885,Standard,2022-12-16,,Active,15,0.02,YW607,2022-09-11 19:22:38,11.0,2.0,10.0,14,
886,886,Standard,2018-03-10,,Active,3,0.01,IH837,2022-07-30 19:20:45,16.0,24.0,28.0,1,
887,887,Standard,2022-09-28,2022-09-30,Expired,32,0.01,FE918,,,,,9,2.0
888,888,Standard,2017-12-25,,Active,42,0.01,TC554,2022-10-12 21:11:24,3.0,28.0,9.0,21,
889,889,Standard,2017-11-13,,Active,17,0.01,RA244,2022-11-25 16:55:10,1.0,26.0,16.0,14,
890,890,Standard,2016-09-28,,Active,23,0.03,CK465,2022-11-19 17:05:39,2.0,6.0,26.0,22,
891,891,Loyalty,2019-01-03,,Active,219,0.04,WY938,2022-06-18 00:37:40,27.0,37.0,14.0,108,
892,892,Standard,2017-08-27,,Active,36,0.02,SV214,2022-10-25 04:22:35,6.0,20.0,8.0,35,
893,893,Standard,2018-10-08,,Active,29,0.03,QM431,2022-10-22 10:43:09,14.0,7.0,51.0,12,
894,894,Standard,2021-03-11,2021-03-19,Expired,26,0.01,GW671,,,,,0,8.0
895,895,Standard,2017-12-21,2018-01-04,Expired,38,0.01,ZQ185,,,,,8,14.0
896,896,Standard,2016-09-26,,Active,24,0.03,ZU522,2022-09-24 07:01:05,2.0,11.0,14.0,24,
897,897,Standard,2018-10-20,,Active,25,0.01,KP822,2022-10-28 20:28:16,13.0,22.0,48.0,9,
898,898,Standard,2018-02-07,,Active,18,0.01,HK834,2022-12-20 22:13:20,3.0,17.0,41.0,6,
899,899,Standard,2020-01-01,,Active,22,0.03,QX919,2022-10-15 03:43:26,13.0,8.0,42.0,6,
900,900,Standard,2022-09-05,,Active,27,0.03,JX836,2022-10-01 18:32:19,5.0,8.0,26.0,6,
901,901,Standard,2018-06-04,,Active,18,0.01,AE984,2022-09-09 05:38:12,14.0,22.0,51.0,14,
902,902,Standard,2018-03-30,,Active,41,0.03,CX536,2022-10-29 09:38:49,10.0,14.0,32.0,7,
903,903,Loyalty,2022-04-03,,Active,170,0.04,NH292,2022-12-03 09:40:30,11.0,50.0,155.0,132,
904,904,Standard,2022-11-05,,Active,90,0.01,KF993,2022-10-29 15:02:14,1.0,18.0,11.0,36,
905,905,Standard,2016-08-13,,Active,22,0.01,XG624,2022-07-23 11:08:41,1.0,12.0,32.0,10,
906,906,Standard,2020-03-04,,Active,33,0.01,DB336,2022-11-04 11:19:44,4.0,24.0,9.0,4,
907,907,Loyalty,2016-08-20,,Active,271,0.04,RM996,2022-11-02 22:46:55,30.0,71.0,92.0,64,
908,908,Standard,2020-06-01,2020-10-13,Expired,17,0.01,LL497,,,,,16,134.0
909,909,Standard,2022-02-27,,Active,38,0.02,EB678,2022-11-26 07:06:27,16.0,6.0,38.0,32,
910,910,Standard,2020-10-26,,Active,43,0.03,QC391,2022-10-09 04:02:23,3.0,31.0,38.0,27,
911,911,Standard,2018-07-30,,Active,38,0.02,HQ828,2022-11-13 20:52:38,17.0,30.0,16.0,14,
912,912,Standard,2018-07-28,2018-08-26,Expired,32,0.01,OV323,,,,,0,29.0
913,913,Standard,2018-12-11,,Active,16,0.02,MX253,2022-12-06 03:46:55,15.0,10.0,39.0,13,
914,914,Standard,2022-05-01,,Active,11,0.02,MY804,2022-11-17 00:00:05,14.0,29.0,37.0,6,
915,915,Standard,2022-02-23,,Active,14,0.01,VA426,2022-12-26 10:50:17,14.0,6.0,44.0,14,
916,916,Standard,2021-12-01,,Active,7,0.02,AG961,2022-10-27 19:36:06,4.0,30.0,26.0,5,
917,917,Standard,2020-09-21,,Active,19,0.03,EC483,2022-09-11 01:19:33,7.0,19.0,3.0,8,
918,918,Loyalty,2018-02-02,,Active,317,0.05,OQ260,2022-12-08 17:03:18,23.0,23.0,138.0,226,
919,919,Standard,2016-12-02,,Active,7,0.01,UU374,2022-10-23 11:40:48,3.0,1.0,28.0,6,
920,920,Standard,2016-02-04,2016-02-21,Expired,18,0.03,FZ634,,,,,14,17.0
921,921,Standard,2018-03-27,,Active,5,0.03,GK179,2022-12-17 03:13:44,3.0,17.0,54.0,0,
922,922,Standard,2022-07-02,,Active,23,0.01,IM466,2022-09-14 16:16:03,4.0,14.0,48.0,0,
923,923,Standard,2018-10-19,,Active,44,0.03,FP368,2022-11-20 21:20:34,4.0,29.0,33.0,29,
924,924,Standard,2022-09-06,,Active,11,0.03,DH591,2022-11-30 06:48:26,10.0,13.0,19.0,1,
925,925,Loyalty,2022-01-14,,Active,102,0.05,YZ992,2022-09-13 23:33:04,20.0,73.0,125.0,21,
926,926,Standard,2018-11-19,2018-11-29,Expired,41,0.03,JA571,,,,,41,10.0
927,927,Standard,2018-08-09,,Active,21,0.01,CM581,2022-12-10 17:44:42,2.0,7.0,52.0,16,
928,928,Standard,2022-03-16,,Active,44,0.01,CP842,2022-10-30 16:41:44,6.0,27.0,2.0,37,
929,929,Standard,2020-11-05,,Active,8,0.01,GK159,2022-09-15 14:33:12,5.0,12.0,28.0,4,
930,930,Loyalty,2015-07-12,,Active,234,0.04,NC876,2022-12-29 11:01:16,8.0,37.0,89.0,133,
931,931,Standard,2022-03-19,,Active,35,0.01,DY808,2022-09-28 11:57:03,14.0,12.0,15.0,27,
932,932,Standard,2017-03-31,,Active,23,0.01,ZV174,2022-12-17 15:26:40,13.0,27.0,18.0,11,
933,933,Standard,2021-01-03,,Active,33,0.01,FE101,2022-09-21 01:10:57,3.0,25.0,19.0,12,
934,934,Standard,2017-05-20,,Active,34,0.02,ZT870,2022-10-08 19:59:21,12.0,15.0,22.0,23,
935,935,Loyalty,2016-03-04,,Active,236,0.05,PA505,2022-06-25 02:00:38,39.0,1.0,4.0,235,
936,936,Standard,2022-02-01,,Active,33,0.01,AK819,2022-07-04 20:38:34,2.0,6.0,28.0,26,
937,937,Standard,2018-02-27,,Active,13,0.01,CM363,2022-06-24 10:44:22,6.0,18.0,44.0,2,
938,938,Standard,2018-08-29,2018-08-30,Expired,10,0.01,BZ621,,,,,3,1.0
939,939,Loyalty,2018-11-09,,Active,117,0.04,SW525,2022-12-16 21:53:50,38.0,35.0,61.0,38,
940,940,Standard,2022-01-12,,Active,12,0.03,YO261,2022-07-30 21:33:26,4.0,18.0,11.0,4,
941,941,Standard,2018-04-29,,Active,23,0.03,OE659,2022-09-14 23:38:10,9.0,8.0,12.0,6,
942,942,Standard,2017-12-19,,Active,31,0.03,PQ682,2022-11-09 23:02:10,11.0,14.0,34.0,12,
943,943,Standard,2017-11-03,2017-11-12,Expired,11,0.01,KJ126,,,,,9,9.0
944,944,Standard,2017-08-24,,Active,57,0.01,LB822,2022-12-28 22:04:18,13.0,5.0,58.0,40,
945,945,Standard,2021-04-14,,Active,81,0.02,YJ961,2022-11-21 10:16:58,15.0,20.0,40.0,12,
946,946,Standard,2021-06-15,2021-06-29,Expired,0,0.01,ET880,,,,,0,14.0
947,947,Loyalty,2015-10-18,,Active,361,0.03,CN736,2022-12-24 12:12:45,7.0,24.0,50.0,268,
948,948,Loyalty,2018-08-19,,Active,292,0.03,ZN306,2022-12-02 17:42:15,41.0,53.0,3.0,261,
949,949,Loyalty,2016-10-18,,Active,314,0.04,OD285,2022-12-07 03:10:14,43.0,40.0,156.0,199,
950,950,Loyalty,2013-07-21,,Active,244,0.03,LQ748,2022-09-30 10:33:26,4.0,20.0,27.0,98,
951,951,Standard,2016-04-21,2016-05-07,Expired,25,0.01,MB708,,,,,4,16.0
952,952,Standard,2022-05-15,,Active,42,0.03,LX106,2022-10-13 22:30:48,1.0,14.0,52.0,26,
953,953,Standard,2022-05-24,2022-07-18,Expired,24,0.03,PI833,,,,,21,55.0
954,954,Loyalty,2022-08-27,,Active,273,0.05,RX797,2022-07-28 13:16:32,23.0,7.0,124.0,226,
955,955,Standard,2021-10-04,,Active,47,0.01,ML906,2022-10-10 17:56:50,4.0,18.0,44.0,3,
956,956,Standard,2017-09-08,2017-09-10,Expired,55,0.03,BH763,,,,,0,2.0
957,957,Loyalty,2022-06-04,,Active,419,0.04,ZT637,2022-12-12 15:18:25,38.0,32.0,12.0,77,
958,958,Loyalty,2018-11-15,2019-06-28,Expired,290,0.03,RL711,,,,,75,225.0
959,959,Standard,2021-06-25,,Active,10,0.01,JS423,2022-10-23 14:46:53,1.0,10.0,41.0,9,
960,960,Standard,2016-01-01,,Active,32,0.01,ME182,2022-12-13 07:54:38,15.0,31.0,57.0,32,
961,961,Standard,2022-09-05,2022-09-15,Expired,14,0.01,SN351,,,,,0,10.0
962,962,Standard,2018-04-04,,Active,45,0.01,PZ911,2022-11-02 06:39:48,9.0,23.0,30.0,17,
963,963,Standard,2017-02-22,,Active,15,0.02,ZL381,2022-12-29 09:56:36,9.0,29.0,39.0,1,
964,964,Standard,2016-09-16,2016-10-05,Expired,24,0.01,NH230,,,,,11,19.0
965,965,Standard,2016-02-05,,Active,95,0.01,QM490,2022-11-10 18:49:23,2.0,21.0,56.0,89,
966,966,Standard,2022-04-30,2022-05-23,Expired,23,0.01,KX102,,,,,20,23.0
967,967,Standard,2017-05-24,,Active,29,0.01,HZ946,2022-11-16 09:45:43,10.0,17.0,16.0,4,
968,968,Standard,2020-01-06,2020-01-16,Expired,25,0.01,UO245,,,,,6,10.0
969,969,Standard,2017-05-30,2017-06-03,Expired,8,0.01,BI130,,,,,5,4.0
970,970,Loyalty,2019-03-19,,Active,426,0.03,PQ326,2022-11-20 09:06:04,17.0,50.0,47.0,82,
971,971,Standard,2017-12-20,2017-12-31,Expired,27,0.01,PF605,,,,,22,11.0
972,972,Standard,2016-02-07,2016-02-22,Expired,2,0.01,AO818,,,,,0,15.0
973,973,Standard,2018-12-07,,Active,1,0.03,VZ204,2022-09-13 08:53:22,4.0,25.0,17.0,1,
974,974,Standard,2020-08-10,,Active,16,0.03,ST470,2022-12-11 04:19:17,8.0,10.0,25.0,2,
975,975,Standard,2018-06-07,2018-06-23,Expired,44,0.02,MP453,,,,,35,16.0
976,976,Standard,2018-01-02,,Active,17,0.01,WC380,2022-07-23 06:52:34,3.0,14.0,6.0,15,
977,977,Standard,2017-10-28,,Active,95,0.03,BT166,2022-07-21 09:32:56,3.0,23.0,35.0,80,
978,978,Loyalty,2020-12-31,,Active,102,0.04,ZD723,2022-12-25 02:44:15,42.0,26.0,92.0,4,
979,979,Standard,2016-05-29,,Active,89,0.02,AM969,2022-09-01 15:12:41,15.0,3.0,54.0,75,
980,980,Standard,2018-11-28,,Active,70,0.01,SS934,2022-08-17 09:23:28,7.0,16.0,5.0,1,
981,981,Loyalty,2018-04-23,,Active,194,0.05,NR680,2022-11-30 02:19:03,18.0,13.0,127.0,1,
982,982,Standard,2022-03-03,2022-04-01,Expired,16,0.03,EI195,,,,,6,29.0
983,983,Standard,2016-10-10,2016-10-24,Expired,14,0.01,OF171,,,,,11,14.0
984,984,Loyalty,2021-07-11,,Active,103,0.04,LR177,2022-12-27 13:23:49,16.0,26.0,9.0,67,
985,985,Standard,2018-02-28,,Active,19,0.01,ZW461,2022-07-21 04:43:06,3.0,14.0,8.0,14,
986,986,Standard,2018-07-24,2018-07-27,Expired,50,0.01,AK359,,,,,33,3.0
987,987,Standard,2022-10-01,,Active,31,0.01,EV858,2022-10-21 23:36:41,12.0,11.0,26.0,25,
988,988,Standard,2018-09-30,,Active,56,0.02,PJ887,2022-10-20 15:35:16,2.0,25.0,26.0,49,
989,989,Standard,2021-09-15,,Active,11,0.01,AY300,2022-10-05 11:38:20,10.0,5.0,28.0,3,
990,990,Standard,2017-04-03,,Active,30,0.01,NP258,2022-03-20 06:28:30,13.0,13.0,37.0,3,
991,991,VIP,2019-11-14,,Active,520,0.1,QW413,2022-12-30 00:43:09,22.0,59.0,252.0,347,
992,992,Standard,2017-01-21,,Active,11,0.02,GH623,2022-06-30 11:23:30,3.0,1.0,2.0,1,
993,993,Standard,2018-02-11,2018-02-14,Expired,18,0.01,RX709,,,,,18,3.0
994,994,Standard,2017-07-25,2017-07-29,Expired,3,0.01,OR783,,,,,3,4.0
995,995,Standard,2022-05-02,,Active,38,0.01,ZQ190,2022-11-06 06:45:55,14.0,30.0,1.0,4,
996,996,Standard,2017-10-12,,Active,17,0.03,IT796,2022-11-23 21:18:28,16.0,26.0,2.0,2,
997,997,Standard,2017-01-17,,Active,9,0.02,JJ345,2022-12-14 23:29:16,15.0,27.0,11.0,2,
998,998,Standard,2017-07-02,2017-07-09,Expired,60,0.02,FQ720,,,,,14,7.0
999,999,Standard,2021-10-12,,Active,20,0.02,WB247,2022-06-26 11:46:42,8.0,13.0,35.0,17,
